17:54:59 | INFO | =================================================================
17:54:59 | INFO | Парсер wagon-cargo.ru | режим: ПОЛНЫЙ | страниц: 50
17:54:59 | INFO | =================================================================
17:54:59 | INFO | === Листинг стр. 1/50 -> https://wagon-cargo.ru/news/
17:55:00 | INFO |   Найдено карточек: 8
17:55:00 | INFO |   OK [2026-05-22] Доля полувагонов 25 тс в экспортной погрузке угля на восток достигла 86%
17:55:00 | INFO |   OK [2026-05-22] Совет директоров ОВК рекомендовал не выплачивать дивиденды за 2025 год
17:55:00 | INFO |   OK [2026-05-22] Вынужденная оптимизация штата ТВСЗ
17:55:00 | INFO |   OK [2026-05-22] Два века на службе России — от первого инженерного корпуса до архитектора технол
17:55:00 | INFO |   OK [2026-05-21] Хроники низкого рынка вагонов: минимальный выпуск за 10 лет
17:55:01 | INFO |   OK [2026-05-21] Методика определения потребного парка окончательно согласована
17:55:01 | INFO |   OK [2026-05-21] Рынок цистерн для СУГ: основная информация
17:55:01 | INFO |   OK [2026-05-21] На Тихвинском вагоностроительном заводе проходит третий этап стажировки преподав
17:55:01 | INFO | === Листинг стр. 2/50 -> https://wagon-cargo.ru/news/?MUL_MODE=&PAGEN_1=2
17:55:01 | INFO |   Найдено карточек: 8
17:55:01 | INFO |   OK [2026-05-21] ЗМК получил сертификаты соответствия на вагоны-цистерны для перевозки сжиженных 
17:55:02 | INFO |   OK [2026-05-20] АО «Рузхиммаш» получил сертификат на вагоны-цистерны восьмиосные для нефтепродук
17:55:02 | INFO |   OK [2026-05-20] Польская PKP Cargo может организовать выпуск вагонов для военной техники с участ
17:55:02 | INFO |   OK [2026-05-20] НТК нарастила перевозки руд в апреле на 29,7%, минерально-строительных материало
17:55:02 | INFO |   OK [2026-05-19] У старейшего барнаульского завода официально сменилось название
17:55:02 | INFO |   OK [2026-05-19] Вагоно-колесная мастерская Атырау получила аттестат аккредитации
17:55:03 | INFO |   OK [2026-05-19] Правила приписки железнодорожного подвижного состава: обсуждение в Комитете ТПП 
17:55:03 | INFO |   OK [2026-05-19] АО «ФГК» увеличило объем экспортной погрузки в полувагоны на 29%
17:55:03 | INFO | === Листинг стр. 3/50 -> https://wagon-cargo.ru/news/?MUL_MODE=&PAGEN_1=3
17:55:03 | INFO |   Найдено карточек: 8
17:55:03 | INFO |   OK [2026-05-18] Минтранс запретит использовать продленные цистерны, модернизированные после 01.0
17:55:03 | INFO |   OK [2026-05-18] Transwaggon ввела в эксплуатацию платформы-автомобилевозы новой модели
17:55:04 | INFO |   OK [2026-05-18] Генеральным директором Демиховского машиностроительного завода назначен Артем Ти
17:55:04 | INFO |   OK [2026-05-18] «ЛокоТех» внедряет цифровую аналитику состояния колесных пар локомотивов
17:55:04 | INFO |   OK [2026-05-18] Глава «Трансконтейнера» заявил о дефиците железнодорожных платформ
17:55:04 | INFO |   OK [2026-05-15] Производство грузовых вагонов за 4 месяца 2026
17:55:04 | INFO |   OK [2026-05-15] Технологический прорыв: как контейнеры «open top» изменили логистику угля в Кита
17:55:04 | INFO |   OK [2026-05-15] Александр Хатьянов назначен первым заместителем генерального директора АО «ФГК»
17:55:04 | INFO | === Листинг стр. 4/50 -> https://wagon-cargo.ru/news/?MUL_MODE=&PAGEN_1=4
17:55:05 | INFO |   Найдено карточек: 8
17:55:05 | INFO |   OK [2026-05-15] Дивизиональные соревнования «Лучший по профессии» и «Лучшее предприятие дивизион
17:55:05 | INFO |   OK [2026-05-14] Добавлен протокол 84 заседания Совета по железнодорожному транспорту
17:55:05 | INFO |   OK [2026-05-14] Об изменении баланса парка грузовых вагонов
17:55:05 | INFO |   OK [2026-05-14] Почти 90% выпускаемых сегодня инновационных вагонов – это полувагоны
17:55:05 | INFO |   OK [2026-05-14] Объемы перевозок говорят о результатах работы Совета по железнодорожному транспо
17:55:05 | INFO |   OK [2026-05-14] Вагоноремонтные подразделения НТК отремонтировали более 5000 вагонов за 4 месяца
17:55:06 | INFO |   OK [2026-05-13] ПСБ повторно не смог продать активы национализированной «Вектор Рейл»
17:55:06 | INFO |   OK [2026-05-13] Производство грузовых вагонов сократилось на 40%
17:55:06 | INFO | === Листинг стр. 5/50 -> https://wagon-cargo.ru/news/?MUL_MODE=&PAGEN_1=5
17:55:06 | INFO |   Найдено карточек: 8
17:55:06 | INFO |   OK [2026-05-13] История железных дорог России. 1951-1960
17:55:06 | INFO |   OK [2026-05-13] Производство изотермических вагонов с начала года выросло в 2,6 раза
17:55:07 | INFO |   OK [2026-05-13] Авторизован СЦ Кемь
17:55:07 | INFO |   OK [2026-05-13] Оборот вагона на сети РЖД в апреле составил около 20,3 суток
17:55:07 | INFO |   OK [2026-05-08] ТВСЗ получил сертификат на вагоны-цистерны для масел растительных модели 15-9993
17:55:07 | INFO |   OK [2026-05-08] Эксперты прогнозируют снижение погрузки на сети РЖД по итогам 2026 года до 1,095
17:55:07 | INFO |   OK [2026-05-07] Подвижной дисбаланс на пространстве 1520
17:55:07 | INFO |   OK [2026-05-07] Инфраструктурные приоритеты транспортной отрасли: от рекордов 2025 к стройкам 20
17:55:07 | INFO | === Листинг стр. 6/50 -> https://wagon-cargo.ru/news/?MUL_MODE=&PAGEN_1=6
17:55:08 | INFO |   Найдено карточек: 8
17:55:08 | INFO |   OK [2026-05-06] Разработан проект Федерального закона «О транспортной политике в Российской Феде
17:55:08 | INFO |   OK [2026-05-06] Вагоноремонтные предприятия возьмут в системный аудит
17:55:08 | INFO |   OK [2026-05-06] Испытываем тормозные системы будущих высокоскоростных поездов
17:55:08 | INFO |   OK [2026-05-05] Состоялось заседание Комитета ОПЖТ по грузовому подвижному составу
17:55:08 | INFO |   OK [2026-05-05] ТМХ передал московскому метро тысячный вагон серии 81-776
17:55:09 | INFO |   OK [2026-05-05] НТК выстроила «большое кольцо» для оптимизации перевозки удобрений
17:55:09 | INFO |   OK [2026-05-04] Погрузка на сети РЖД в апреле 2026 года: инфографика, анализ и прогноз
17:55:09 | INFO |   OK [2026-05-04] Boxmover сертифицировала технологию поворотной рамы для фитинговой платформы
17:55:09 | INFO | === Листинг стр. 7/50 -> https://wagon-cargo.ru/news/?MUL_MODE=&PAGEN_1=7
17:55:09 | INFO |   Найдено карточек: 8
17:55:09 | INFO |   OK [2026-05-04] В Прикамье четыре грузовых вагона сошли с рельсов
17:55:10 | INFO |   OK [2026-04-30] Украина и Испания займутся созданием грузовой тележки с изменяемой шириной колеи
17:55:10 | INFO |   OK [2026-04-30] Туркмения за более чем 20 лет приобрела у Китая 180 локомотивов и свыше 420 ваго
17:55:10 | INFO |   OK [2026-04-30] РЖД в апреле ожидают рост погрузки в пределах 1,6%, в мае - на 2,9%
17:55:10 | INFO |   OK [2026-04-30] Финрезультаты ОВК в 2025 году: спад выручки, но с сохранением прибыли
17:55:10 | INFO |   OK [2026-04-29] АО «ФГК» на 37% увеличило перевозки удобрений в полувагонах
17:55:10 | INFO |   OK [2026-04-29] АО «Рузхиммаш» получил сертификат на транспортёры железнодорожные платформенного
17:55:10 | INFO |   OK [2026-04-29] Объем обращающихся выпусков облигаций ПГК достиг 66 млрд рублей
17:55:10 | INFO | === Листинг стр. 8/50 -> https://wagon-cargo.ru/news/?MUL_MODE=&PAGEN_1=8
17:55:11 | INFO |   Найдено карточек: 8
17:55:11 | INFO |   OK [2026-04-29] Чистая прибыль ОВК по РСБУ в I квартале составила 125 миллионов рублей
17:55:11 | INFO |   OK [2026-04-28] Минтранс РФ работает над актуализацией Транспортной стратегии России
17:55:11 | INFO |   OK [2026-04-28] Чистая прибыль ОВК по МСФО в 2025 году снизилась на 30,9%
17:55:11 | INFO |   OK [2026-04-28] К 2032 году парк Петербургского метрополитена вдвое помолодеет
17:55:12 | INFO |   OK [2026-04-28] РЖД в I квартале снизили прибыль по РСБУ в 2,6 раза, до 5,05 млрд руб.
17:55:12 | INFO |   OK [2026-04-27] Производство подвижного состава в России по итогам I квартала 2026
17:55:12 | INFO |   OK [2026-04-27] ФАС одобрила приобретение Шишкаревым доли «Росатома» в УК «Дело»
17:55:12 | INFO |   OK [2026-04-27] Экспорт зерна по железной дороге приблизился к рекорду
17:55:12 | INFO | === Листинг стр. 9/50 -> https://wagon-cargo.ru/news/?MUL_MODE=&PAGEN_1=9
17:55:13 | INFO |   Найдено карточек: 8
17:55:13 | INFO |   OK [2026-04-27] «РМ Рейл» выступила соорганизатором региональной конференции по производственной
17:55:13 | INFO |   OK [2026-04-23] Добавлен протокол Экспертной группы Комиссии вагонного хозяйства от 22.04.2026
17:55:13 | INFO |   OK [2026-04-23] АВСЗ получил первый экспортный заказ: полувагоны в Монголию
17:55:13 | INFO |   OK [2026-04-23] Деловой визит на ВКМ Старого Оскола
17:55:14 | INFO |   OK [2026-04-23] Шведская Kiruna Wagon выпустит вагон-транспортер грузоподъемностью до 490 т
17:55:14 | INFO |   OK [2026-04-23] Число операторов, заключивших с РЖД договор по оптимизации работы вагонного парк
17:55:14 | INFO |   OK [2026-04-22] Из всех родов подвижного состава наиболее лучшая экономика складывается сейчас п
17:55:14 | INFO |   OK [2026-04-22] О росте парка грузовых вагонов и их дефиците
17:55:14 | INFO | === Листинг стр. 10/50 -> https://wagon-cargo.ru/news/?MUL_MODE=&PAGEN_1=10
17:55:15 | INFO |   Найдено карточек: 8
17:55:15 | INFO |   OK [2026-04-22] Видео о первом полностью грузовом высокоскоростном поезде в Японии
17:55:15 | INFO |   OK [2026-04-22] Второе поколение инновации для повышения эффективности перевозочного процесс
17:55:15 | INFO |   OK [2026-04-22] ФГК и ПМХ наращивают погрузку в полувагоны на полигоне ЮВЖД
17:55:16 | INFO |   OK [2026-04-21] GATX Rail Europe завершила первый этап испытаний сочлененной платформы с поворот
17:55:16 | INFO |   OK [2026-04-21] Парк грузовых вагонов на сети РЖД продолжает расти
17:55:16 | INFO |   OK [2026-04-21] Итоги года и задачи на перспективу: состоялось общее собрание Союза вагоноремонт
17:55:16 | INFO |   OK [2026-04-21] Россия поставила Узбекистану ж/д техники на сумму свыше 30 млрд рублей
17:55:16 | INFO |   OK [2026-04-21] Первые полувагоны 12-6744 от ОВК пошли в эксплуатацию
17:55:16 | INFO | === Листинг стр. 11/50 -> https://wagon-cargo.ru/news/?MUL_MODE=&PAGEN_1=11
17:55:17 | INFO |   Найдено карточек: 8
17:55:17 | INFO |   OK [2026-04-20] Парадокс железнодорожной скорости: почему поезда едут медленнее, а грузы доставл
17:55:17 | INFO |   OK [2026-04-20] Конференция ОПЖТ по тормозным системам железнодорожного подвижного состава
17:55:17 | INFO |   OK [2026-04-20] Снижение заказа РЖД высвободило запчасти для промышленного локомотиворемонта
17:55:17 | INFO |   OK [2026-04-20] ВНИИЖТу 108 лет!
17:55:18 | INFO |   OK [2026-04-20] Медиарейтинг железнодорожных операторов I квартал 2026 года
17:55:18 | INFO |   OK [2026-04-17] В 2025 году объем рынка рельсового транспорта превысил 1 трлн руб.
17:55:18 | INFO |   OK [2026-04-17] Терминалы «ТрансКонтейнера» на Транссибе в марте показали значительный рост обра
17:55:18 | INFO |   OK [2026-04-17] Уралвагонзавод опроверг сокращение персонала и мобилизацию сотрудников
17:55:18 | INFO | === Листинг стр. 12/50 -> https://wagon-cargo.ru/news/?MUL_MODE=&PAGEN_1=12
17:55:19 | INFO |   Найдено карточек: 8
17:55:19 | INFO |   OK [2026-04-16] Объем лизинга железнодорожных вагонов 2025 году сократился
17:55:19 | INFO |   OK [2026-04-16] КАВАЗ сертифицировал тележки 25 тс от УВЗ
17:55:19 | INFO |   OK [2026-04-16] Экс-совладелец «Трансфин-М» и «СГ-Транс» выступил с последним словом перед приго
17:55:19 | INFO |   OK [2026-04-16] Осенью ожидается очередное повышение тарифа РЖД
17:55:19 | INFO |   OK [2026-04-15] На ТВСЗ состоялась приемка первой партии инновационных вагонов‑цистерн для компа
17:55:20 | INFO |   OK [2026-04-15] «Инфраструктура без подвижного состава — просто груда металла»
17:55:20 | INFO |   OK [2026-04-14] Объективность оценки качества ремонта вагонов: проблемы и пути решения
17:55:20 | INFO |   OK [2026-04-14] АВСЗ принял участие в Kazakhstan Machinery Fair 2026
17:55:20 | INFO | === Листинг стр. 13/50 -> https://wagon-cargo.ru/news/?MUL_MODE=&PAGEN_1=13
17:55:20 | INFO |   Найдено карточек: 8
17:55:20 | INFO |   OK [2026-04-14] Чистая прибыль Первой грузовой компании за год упала в девять раз
17:55:20 | INFO |   OK [2026-04-14] Экономия операторов может обернуться дефицитом вагонов на сети РЖД
17:55:21 | INFO |   OK [2026-04-13] Новые экономические реалии на сети РЖД в I квартале 2026 года
17:55:21 | INFO |   OK [2026-04-13] Вагонно-колесная мастерская Атырау включена в реестр казахстанских товаропроизво
17:55:21 | INFO |   OK [2026-04-13] Повторные торги по продаже "Вектор Рейл"
17:55:21 | INFO |   OK [2026-04-13] Выпущены инновационные вагоны «второго поколения»
17:55:21 | INFO |   OK [2026-04-13] О разработке и утверждении Концепции системы технического регулирования на желез
17:55:21 | INFO |   OK [2026-04-13] ООО «КАВАЗ» сертифицировал тележки двухосные модели 18-194-1 тип 3 ГОСТ 9246-201
17:55:22 | INFO | === Листинг стр. 14/50 -> https://wagon-cargo.ru/news/?MUL_MODE=&PAGEN_1=14
17:55:22 | INFO |   Найдено карточек: 8
17:55:22 | INFO |   OK [2026-04-10] Производство вагонов немного оживилось в марте
17:55:22 | INFO |   OK [2026-04-10] Перевозки контейнеров на сети РЖД в марте 2026 года: инфографика, анализ и прогн
17:55:22 | INFO |   OK [2026-04-10] Вагонный парк Акрона в Новгороде пополнили 53 хоппера производства «Рузхиммаш»
17:55:23 | INFO |   OK [2026-04-09] В России может возникнуть дефицит рабочего парка вагонов
17:55:23 | INFO |   OK [2026-04-09] Дипломатическая миссия Казахстана ознакомилась с вагоностроительным производство
17:55:23 | INFO |   OK [2026-04-09] РЖД заявили об отсутствии дефицита вагонов
17:55:23 | INFO |   OK [2026-04-09] Статистика нарушений на железнодорожной инфраструктуре
17:55:23 | INFO |   OK [2026-04-08] АО «Рузхиммаш» получил сертификат на полувагоны модели 12-1293
17:55:23 | INFO | === Листинг стр. 15/50 -> https://wagon-cargo.ru/news/?MUL_MODE=&PAGEN_1=15
17:55:23 | INFO |   Найдено карточек: 8
17:55:24 | INFO |   OK [2026-04-08] Полувагоны: дефицит или профицит?
17:55:24 | INFO |   OK [2026-04-08] ООО «ИЦПВК» провел выездной семинар и конкурс профессионального мастерства для и
17:55:24 | INFO |   OK [2026-04-07] ФГК не планирует обновлять вагонный парк в 2026 г.
17:55:24 | INFO |   OK [2026-04-07] Без участия «Росатома» с FESCO холдинг теряет монолитность и привлекательность
17:55:24 | INFO |   OK [2026-04-07] РЖД и ТМХ подписали трехлетний договор на поставку электропоездов
17:55:24 | INFO |   OK [2026-04-06] В ФГК рассказали о перспективах железнодорожных скоростных платформ
17:55:25 | INFO |   OK [2026-04-06] ГК «Вагонмаш» направит 200 млн руб. на расширение производства пружин для вагоно
17:55:25 | INFO |   OK [2026-04-06] РЖД планируют решать вопрос с инновационными вагонами в международном сообщении
17:55:25 | INFO | === Листинг стр. 16/50 -> https://wagon-cargo.ru/news/?MUL_MODE=&PAGEN_1=16
17:55:25 | INFO |   Найдено карточек: 8
17:55:25 | INFO |   OK [2026-04-03] «Уралвагонзавод» выпустил 60-тысячный инновационный вагон
17:55:25 | INFO |   OK [2026-04-03] Новости закупок и поставок локомотивов: Siemens Mobility, Wabtec, MBTA и MTA, CR
17:55:26 | INFO |   OK [2026-04-03] История вагоностроения на Уралвагонзаводе
17:55:26 | INFO |   OK [2026-04-02] Утвержден план поэтапного обновления парка грузовых вагонов в России
17:55:26 | INFO |   OK [2026-04-02] Могилевский вагоностроительный завод раскрыл ожидания по поставкам в Туркмениста
17:55:26 | INFO |   OK [2026-04-02] В Индии готовятся к испытаниям первого грузового электропоезда Vande Bharat
17:55:26 | INFO |   OK [2026-04-02] Сергей Шишкарев выкупит у «Росатома» долю в УК «Дело» и продаст ее «Ростеху»
17:55:26 | INFO |   OK [2026-04-01] ФГК как драйвер вагоностроительных инноваций: интервью с Дмитрием Муревым
17:55:26 | INFO | === Листинг стр. 17/50 -> https://wagon-cargo.ru/news/?MUL_MODE=&PAGEN_1=17
17:55:27 | INFO |   Найдено карточек: 8
17:55:27 | INFO |   OK [2026-04-01] В Санкт-Петербурге начал работу первый Международный транспортно-логистический ф
17:55:27 | INFO |   OK [2026-04-01] Погрузка на сети РЖД в марте 2026 года: инфографика и анализ
17:55:27 | INFO |   OK [2026-03-31] Новые грузовые вагоны, тележки и комплектующие: из решений Комиссии вагонного хо
17:55:27 | INFO |   OK [2026-03-31] Порожняк становится резервистом
17:55:27 | INFO |   OK [2026-03-31] ПГК провела аукцион по предоставлению полувагонов под перевозку щебня
17:55:28 | INFO |   OK [2026-03-30] Габарит Т в грузовых вагонах: как его перспективы видит «РМ Рейл»
17:55:28 | INFO |   OK [2026-03-30] Бизнес боится инвестировать в железную дорогу
17:55:28 | INFO |   OK [2026-03-30] УФАС обвинила РЖД в злоупотреблениях на Ставрополье
17:55:28 | INFO | === Листинг стр. 18/50 -> https://wagon-cargo.ru/news/?MUL_MODE=&PAGEN_1=18
17:55:28 | INFO |   Найдено карточек: 8
17:55:29 | INFO |   OK [2026-03-27] Новости закупок и поставок грузовых вагонов: РМ Рейл, Nymwag, FCA, Kolowag, Tatr
17:55:29 | INFO |   OK [2026-03-27] Итоги Общего годового собрания членов СРО Ассоциация «Промжелдортранс»
17:55:29 | INFO |   OK [2026-03-27] Авторизован СЦ Черемхово
17:55:29 | INFO |   OK [2026-03-26] Как платить за простой вагона
17:55:29 | INFO |   OK [2026-03-26] В Японии запустили грузовой высокоскоростной поезд
17:55:29 | INFO |   OK [2026-03-26] Продажа «Вектор рейл»: большой потенциал по цене 7 тыс. типовых полувагонов
17:55:30 | INFO |   OK [2026-03-26] Минтранс вынес законопроект о ж/д перевозках по принципу «вези или плати» на общ
17:55:30 | INFO |   OK [2026-03-26] В РЖД сообщили о росте ж/д перевозок нефти и угля из-за ситуации на энергорынке
17:55:30 | INFO | === Листинг стр. 19/50 -> https://wagon-cargo.ru/news/?MUL_MODE=&PAGEN_1=19
17:55:30 | INFO |   Найдено карточек: 8
17:55:30 | INFO |   OK [2026-03-25] БЧ представила первый крытый вагон от ОЗТМ
17:55:30 | INFO |   OK [2026-03-25] Дефицит полувагонов поставил под угрозу вывоз угля из Кузбасса на восток
17:55:31 | INFO |   OK [2026-03-25] К вопросу классификации тормозов подвижного состава
17:55:31 | INFO |   OK [2026-03-24] Добавлен протокол 82 заседания Комиссии вагонного хозяйства
17:55:31 | INFO |   OK [2026-03-24] Австралийская Rail First увеличивает мощности своего вагоностроительного завода
17:55:31 | INFO |   OK [2026-03-24] Минэнерго и ФАС выступили против законопроекта о ж/д перевозках по принципу «вез
17:55:31 | INFO |   OK [2026-03-24] Грузовладельцы выбирают между поездом и фурой
17:55:31 | INFO |   OK [2026-03-24] Агентство НКР подтвердило кредитный рейтинг ПГК на уровне АА+.ru
17:55:32 | INFO | === Листинг стр. 20/50 -> https://wagon-cargo.ru/news/?MUL_MODE=&PAGEN_1=20
17:55:32 | INFO |   Найдено карточек: 8
17:55:32 | INFO |   OK [2026-03-23] АО «Алтайвагон» получил сертификат на вагоны крытые модели 11-2151
17:55:32 | INFO |   OK [2026-03-23] Производство инновационных вагонов упало втрое
17:55:32 | INFO |   OK [2026-03-23] Вагоны есть физически, но их нет для РЖД
17:55:32 | INFO |   OK [2026-03-23] Рынок грузовых вагонов-2026: низкая фаза цикла и вопрос выживания
17:55:33 | INFO |   OK [2026-03-23] Олег Белозеров переназначен гендиректором РЖД еще на пять лет
17:55:33 | INFO |   OK [2026-03-20] НПК ОВК расширяет сервисную сеть
17:55:33 | INFO |   OK [2026-03-20] Компания «Вектор Рейл» выставлена на торги
17:55:33 | INFO |   OK [2026-03-20] Росжелдор утвердил методику расчета потребности в грузовых вагонах
17:55:33 | INFO | === Листинг стр. 21/50 -> https://wagon-cargo.ru/news/?MUL_MODE=&PAGEN_1=21
17:55:33 | INFO |   Найдено карточек: 8
17:55:33 | INFO |   OK [2026-03-19] АВСЗ анонсировал планы развития линейки грузовых вагонов на 2026 год
17:55:34 | INFO |   OK [2026-03-19] 82-е заседание Комиссии вагонного хозяйства
17:55:34 | INFO |   OK [2026-03-19] КТЖ ввел временные ограничения на приписку вагонов из-за критической нагрузки на
17:55:34 | INFO |   OK [2026-03-19] Требования к перспективному грузовому вагону: взгляд рынка
17:55:34 | INFO |   OK [2026-03-19] Контейнерный рынок России в 2026 году ждет стагнация
17:55:34 | INFO |   OK [2026-03-18] О модернизации цистерн 15-6737-01 с продлением срока службы: мнение разработчика
17:55:35 | INFO |   OK [2026-03-18] Группа ОМК объявляет о приобретении Новой вагоноремонтной компании
17:55:35 | INFO |   OK [2026-03-18] АО «ФГК» и АНО «Евразийская Агрологистика» подписали меморандум о стратегическом
17:55:35 | INFO | === Листинг стр. 22/50 -> https://wagon-cargo.ru/news/?MUL_MODE=&PAGEN_1=22
17:55:35 | INFO |   Найдено карточек: 8
17:55:35 | INFO |   OK [2026-03-17] Количество списываемых вагонов в январе выросло почти в 1,5 раза
17:55:35 | INFO |   OK [2026-03-17] Производство грузовых вагонов в феврале сократилось на 47%
17:55:36 | INFO |   OK [2026-03-17] В Польше готовят к коммерческому внедрению трехосную тележку для тяжеловесных гр
17:55:36 | INFO |   OK [2026-03-17] Новый стандарт инновации
17:55:36 | INFO |   OK [2026-03-16] Железнодорожные операторы подстраиваются под новые экономические реалии
17:55:36 | INFO |   OK [2026-03-16] Вагоны РЖД между профицитом, планом и позитивом
17:55:36 | INFO |   OK [2026-03-16] АО «Рузхиммаш» получил сертификат на транспортёры железнодорожные модели 14-6794
17:55:36 | INFO |   OK [2026-03-16] Выпуск цистерн для химических грузов в январе – феврале к прошлогоднему уровню в
17:55:36 | INFO | === Листинг стр. 23/50 -> https://wagon-cargo.ru/news/?MUL_MODE=&PAGEN_1=23
17:55:37 | INFO |   Найдено карточек: 8
17:55:37 | INFO |   OK [2026-03-16] ОВК представит на TransRussia полувагон второго поколения инновации
17:55:37 | INFO |   OK [2026-03-13] «Промподшипник» запустил производство кассетных подшипников для инновационных ва
17:55:37 | INFO |   OK [2026-03-13] Как достичь увеличенного межремонтного пробега для отдельных узлов вагона?
17:55:37 | INFO |   OK [2026-03-13] Состоялось Общее собрание членов ОПЖТ
17:55:37 | INFO |   OK [2026-03-13] Norfolk Southern внедрила автоматизированную систему диагностики колес грузовых 
17:55:38 | INFO |   OK [2026-03-12] Андижанский механический завод выпустил первую цистерну для перевозки цианистого
17:55:38 | INFO |   OK [2026-03-12] Темпы падения деповского ремонта вагонов ускоряются
17:55:38 | INFO |   OK [2026-03-12] Операторы вагонов выступили против новых требований Минтранса
17:55:38 | INFO | === Листинг стр. 24/50 -> https://wagon-cargo.ru/news/?MUL_MODE=&PAGEN_1=24
17:55:38 | INFO |   Найдено карточек: 8
17:55:38 | INFO |   OK [2026-03-12] Вагонам не хватило спроса
17:55:39 | INFO |   OK [2026-03-11] Минимальная масса тары: забытый параметр с дорогими последствиями
17:55:39 | INFO |   OK [2026-03-11] Вагоностроительный завод TŽV Gredelj не выжил: Tatravagonka начала процесс его з
17:55:39 | INFO |   OK [2026-03-11] Аналитический обзор: Итоги работы железнодорожной отрасли РФ в феврале 2026 года
17:55:39 | INFO |   OK [2026-03-11] Грузовая база – мерило баланса на железной дороге
17:55:39 | INFO |   OK [2026-03-11] Перевозки контейнеров на сети РЖД в феврале 2026 года: инфографика, анализ и про
17:55:39 | INFO |   OK [2026-03-10] Вагонный trade-in: новый раунд
17:55:40 | INFO |   OK [2026-03-10] Казахстан отказался от запрета на импорт железнодорожных комплектующих
17:55:40 | INFO | === Листинг стр. 25/50 -> https://wagon-cargo.ru/news/?MUL_MODE=&PAGEN_1=25
17:55:40 | INFO |   Найдено карточек: 8
17:55:40 | INFO |   OK [2026-03-10] АО «Барнаульский ВРЗ» получил сертификат на тележки двухосные 18-2129
17:55:40 | INFO |   OK [2026-03-10] Инвестиции в тупик: новый вагон теперь работает в убыток еще до выхода из депо
17:55:40 | INFO |   OK [2026-03-10] В Казахстане меняют правила доступа к железнодорожной инфраструктуре
17:55:41 | INFO |   OK [2026-03-06] «Ростех» разработал пакет мер по стимулированию вагоностроителей
17:55:41 | INFO |   OK [2026-03-06] Подробные оценки по итогам-2025 для рынка плановых ремонтов вагонов от ROLLINGST
17:55:41 | INFO |   OK [2026-03-06] Вагоноремонт теряет былое в текущих условиях
17:55:41 | INFO |   OK [2026-03-06] Суд отправил Романа Хойхина под домашний арест
17:55:41 | INFO |   OK [2026-03-06] Механизм trade-in может поддержать выпуск до 40 тыс. полувагонов 25 тс
17:55:41 | INFO | === Листинг стр. 26/50 -> https://wagon-cargo.ru/news/?MUL_MODE=&PAGEN_1=26
17:55:42 | INFO |   Найдено карточек: 8
17:55:42 | INFO |   OK [2026-03-05] В Казахстане предлагают запретить на полгода импорт ряда ж/д комплектующих
17:55:42 | INFO |   OK [2026-03-05] Какие факторы мешают окупаемости нового вагона
17:55:42 | INFO |   OK [2026-03-05] Глава Мордовии поздравил «РМ Рейл Рузхиммаш» с 65-летием
17:55:42 | INFO |   OK [2026-03-04] ОВС предлагает закрыть внутренний рынок вагоностроения для Китая
17:55:42 | INFO |   OK [2026-03-04] Топ-10 вагоностроителей России по выпуску в 2025 году
17:55:43 | INFO |   OK [2026-03-04] РЖД не прогнозируют дефицита полувагонов и цистерн в 2026-2027 годах
17:55:43 | INFO |   OK [2026-03-04] Главу управления РЖД задержали за взятку в 12 млн рублей
17:55:43 | INFO |   OK [2026-03-04] Госжелдорнадзор проанализировал причины возникновения нарушений безопасности дви
17:55:43 | INFO | === Листинг стр. 27/50 -> https://wagon-cargo.ru/news/?MUL_MODE=&PAGEN_1=27
17:55:43 | INFO |   Найдено карточек: 8
17:55:43 | INFO |   OK [2026-03-03] Операторы ожидают дефицита полувагонов и цистерн в 2027 году
17:55:44 | INFO |   OK [2026-03-03] Срок службы автосцепки вагона изменить нельзя
17:55:44 | INFO |   OK [2026-03-03] ООО «КАВАЗ» сертифицировал полувагоны универсальные модели 12-1304
17:55:44 | INFO |   OK [2026-03-03] В январе произведено 2,8 тысячи грузовых вагонов
17:55:44 | INFO |   OK [2026-03-02] Выпуск запчастей для вагонов в январе значительно сократился
17:55:44 | INFO |   OK [2026-03-02] Окончание работы совместного заседания Союза ОВС и Ассоциации ОПЖТ
17:55:44 | INFO |   OK [2026-03-02] По итогам февраля 2026 года погрузка на сети РЖД упала на 3,2%
17:55:45 | INFO |   OK [2026-03-02] Уведомление о проведении публичного слушания по проекту тарифа на услугу по пере
17:55:45 | INFO | === Листинг стр. 28/50 -> https://wagon-cargo.ru/news/?MUL_MODE=&PAGEN_1=28
17:55:45 | INFO |   Найдено карточек: 8
17:55:45 | INFO |   OK [2026-02-27] Самый крупный инвентарный парк вагонов по СНГ – в России и Беларуси
17:55:45 | INFO |   OK [2026-02-27] Amsted Rail расширила функционал бортовой телематики для грузовых вагонов Greenb
17:55:45 | INFO |   OK [2026-02-27] На китайские колеса под обращаемые на пространстве 1520 вагоны будет наносится д
17:55:46 | INFO |   OK [2026-02-27] Инвестиции в создание кластера транспортного машиностроения в Тверской области п
17:55:46 | INFO |   OK [2026-02-26] АВСЗ вошел в реестр отечественных производителей
17:55:46 | INFO |   OK [2026-02-26] «РМ Рейл Рузхиммаш» возглавила Татьяна Артюшина
17:55:46 | INFO |   OK [2026-02-26] Суд отказался смягчить наказание давшему показания на Тайчера бизнесмену
17:55:46 | INFO |   OK [2026-02-25] Конструкционные изменения в грузовом вагоностроении: КАВАЗ, «ОМК Стальной путь» 
17:55:46 | INFO | === Листинг стр. 29/50 -> https://wagon-cargo.ru/news/?MUL_MODE=&PAGEN_1=29
17:55:47 | INFO |   Найдено карточек: 8
17:55:47 | INFO |   OK [2026-02-25] Узбекистан увеличит в 1,5 раза производство грузовых вагонов
17:55:47 | INFO |   OK [2026-02-25] Крытый вагон с открывающимися тентовыми бортами от Kiruna Wagon
17:55:47 | INFO |   OK [2026-02-24] В Новосибирске запущен вагоноремонтный комплекс компании «Ремтерминал»
17:55:47 | INFO |   OK [2026-02-24] РМ Рейл начал модернизировать вагоны-цистерны для нефтепродуктов
17:55:48 | INFO |   OK [2026-02-24] Эталонный подход к ремонту локомотивов «Рейл Сервис Локо»
17:55:48 | INFO |   OK [2026-02-24] Нефтяные доходы бюджета: спад на время, стагнация надолго
17:55:48 | INFO |   OK [2026-02-24] Итоги заседания Президиума Союза 20 февраля 2026 года
17:55:48 | INFO |   OK [2026-02-20] «Интерпайп» впервые поставила колесные пары под осевую нагрузку 35 тс
17:55:48 | INFO | === Листинг стр. 30/50 -> https://wagon-cargo.ru/news/?MUL_MODE=&PAGEN_1=30
17:55:48 | INFO |   Найдено карточек: 8
17:55:49 | INFO |   OK [2026-02-20] Дальневосточные депутаты выступили за госрегулирование цен по аренде вагонов
17:55:49 | INFO |   OK [2026-02-20] СТМ снизила выпуск путевой техники и тепловозов в пять раз
17:55:49 | INFO |   OK [2026-02-20] Индийская Titagarh Rail Systems выходит на рынок лизинга грузовых вагонов
17:55:49 | INFO |   OK [2026-02-19] Парк железнодорожных администраций стран бывшего СНГ и стран Балтии составил 1,7
17:55:49 | INFO |   OK [2026-02-19] НВРК сертифицировала модернизированные изотермические вагоны с продлением срока 
17:55:49 | INFO |   OK [2026-02-19] «Уралкриомаш» в 2025 г. увеличил чистую прибыль в 1,7 раза, выручку - почти на 4
17:55:50 | INFO |   OK [2026-02-18] АО «Рузхиммаш» получил сертификат на вагоны-цистерны модернизированные для перев
17:55:50 | INFO |   OK [2026-02-18] Вагоноремонтная отрасль в 2025 году попала в зону турбулентности
17:55:50 | INFO | === Листинг стр. 31/50 -> https://wagon-cargo.ru/news/?MUL_MODE=&PAGEN_1=31
17:55:50 | INFO |   Найдено карточек: 8
17:55:50 | INFO |   OK [2026-02-18] Евгений Мальцев об эксплуатации 8-осных полувагонов «Урал»
17:55:51 | INFO |   OK [2026-02-18] В январе оборот вагона на сети составил 21,98 суток
17:55:51 | INFO |   OK [2026-02-18] В РЖД объяснили смысл надбавки в 1% к грузовому ж/д тарифу
17:55:51 | INFO |   OK [2026-02-17] «Бежицкая сталь» частично перешла на неполную рабочую неделю
17:55:51 | INFO |   OK [2026-02-17] Правительство вводит надбавку 1% к грузовым ж/д тарифам с 1 марта
17:55:51 | INFO |   OK [2026-02-17] НХТК организует тестовую отправку контейнерного поезда из 142 условных вагонов
17:55:51 | INFO |   OK [2026-02-17] Главная транспортная прокуратура Казахстана обсудила проблемные вопросы железнод
17:55:52 | INFO |   OK [2026-02-16] РЖД предлагают создать программу для внедрения инноваций в грузовом вагоностроен
17:55:52 | INFO | === Листинг стр. 32/50 -> https://wagon-cargo.ru/news/?MUL_MODE=&PAGEN_1=32
17:55:52 | INFO |   Найдено карточек: 8
17:55:52 | INFO |   OK [2026-02-16] АО «ЗМК» запустил новую производственную линию по выпуску вагонов-цистерн
17:55:52 | INFO |   OK [2026-02-16] Количество нарушений безопасности движения в вагонном комплексе снижено более че
17:55:52 | INFO |   OK [2026-02-16] Казахстанский железнодорожный оператор КТЖ готовится к IPO на $1 млрд
17:55:52 | INFO |   OK [2026-02-13] На ТВСЗ запущен серийный выпуск полувагона второго поколения инновации
17:55:53 | INFO |   OK [2026-02-13] «Рузхиммаш» не смог обжаловать завершение банкротства «Мотовилихи»
17:55:53 | INFO |   OK [2026-02-13] Специальные и опасные грузы – в высокоскоростном составе
17:55:53 | INFO |   OK [2026-02-13] В январе к перевозке не предъявили 2,4 млн тонн угля при согласованных заявках
17:55:53 | INFO |   OK [2026-02-12] Добавлен протокол Экспертной группы Комиссии вагонного хозяйства от 10.02.2026
17:55:53 | INFO | === Листинг стр. 33/50 -> https://wagon-cargo.ru/news/?MUL_MODE=&PAGEN_1=33
17:55:53 | INFO |   Найдено карточек: 8
17:55:54 | INFO |   OK [2026-02-12] Экс-главу FESCO задержали в Москве
17:55:54 | INFO |   OK [2026-02-12] Греция планирует возродить производство подвижного состава
17:55:54 | INFO |   OK [2026-02-12] Вагоноремонтный завод Орск принял участников отраслевого совещания
17:55:54 | INFO |   OK [2026-02-12] «ЛокоТех» расширяет возможности лабораторий неразрушающего контроля
17:55:54 | INFO |   OK [2026-02-11] РЖД в 2026 году подготовят программы обновления вагонного парка
17:55:54 | INFO |   OK [2026-02-11] В Казахстане решили ограничить использование российских вагонов
17:55:55 | INFO |   OK [2026-02-11] Производство подвижного состава в России: официальные итоги-2025
17:55:55 | INFO |   OK [2026-02-11] Рынок плановых видов ремонта вагонов упал в январе почти на 40%
17:55:55 | INFO | === Листинг стр. 34/50 -> https://wagon-cargo.ru/news/?MUL_MODE=&PAGEN_1=34
17:55:55 | INFO |   Найдено карточек: 8
17:55:55 | INFO |   OK [2026-02-11] Перевозки контейнеров на сети РЖД в январе 2026 года: инфографика, анализ и прог
17:55:55 | INFO |   OK [2026-02-11] Цифровые следы грузов
17:55:56 | INFO |   OK [2026-02-10] В ПривГУПС разработали акустическую систему идентификации колёсных пар
17:55:56 | INFO |   OK [2026-02-10] В январе производство вагонов упало к прошлогоднему уровню на 47,5%
17:55:56 | INFO |   OK [2026-02-10] На фоне общего падения объемов вагоностроения упал и выпуск инновационных вагоно
17:55:56 | INFO |   OK [2026-02-10] Контейнерные перевозки по сети РЖД в январе сократились на 7%
17:55:56 | INFO |   OK [2026-02-10] АО «ФГК» организовало сервис по перевозке черных металлов в спецконтейнерах для 
17:55:56 | INFO |   OK [2026-02-09] В 2025 году произведено 52700 грузовых вагонов
17:55:57 | INFO | === Листинг стр. 35/50 -> https://wagon-cargo.ru/news/?MUL_MODE=&PAGEN_1=35
17:55:57 | INFO |   Найдено карточек: 8
17:55:57 | INFO |   OK [2026-02-09] КВСЗ будет выпускать новый цементовоз
17:55:57 | INFO |   OK [2026-02-09] ТРАНСМАШ сертифицировал вагоны-платформы для перевозки крупнотоннажных контейнер
17:55:57 | INFO |   OK [2026-02-09] Сергей Шишкарев намерен выкупить долю УК «Дело» у «Росатома»
17:55:58 | INFO |   OK [2026-02-06] CRRC временно сокращает штат завода в США из-за проблем с импортом компонентов
17:55:58 | INFO |   OK [2026-02-06] «Уралкриомаш» в 2025г увеличил чистую прибыль в 1,7 раза, выручку - на 40%
17:55:58 | INFO |   OK [2026-02-06] «Торговый дом РМ Рейл» обеспечил оборудованием ведущее предприятие химической от
17:55:58 | INFO |   OK [2026-02-05] Новости закупок и поставок грузовых вагонов: ГТЛК, Randon, VTG, Rumo, Texmaco Ra
17:55:58 | INFO |   OK [2026-02-05] «Депо НТК» сократило число плановых ремонтов вагонов на 28%
17:55:58 | INFO | === Листинг стр. 36/50 -> https://wagon-cargo.ru/news/?MUL_MODE=&PAGEN_1=36
17:55:59 | INFO |   Найдено карточек: 8
17:55:59 | INFO |   OK [2026-02-05] ЗСК «Кубань» сократил выпуск грузовых вагонов на 29,1%
17:55:59 | INFO |   OK [2026-02-05] ПГК привлекла почти 44 млрд рублей инвестиций
17:55:59 | INFO |   OK [2026-02-05] В конструкции 8-осных полувагонов Урал учтены недостатки аналогичных вагонов пре
17:55:59 | INFO |   OK [2026-02-04] Количество списанных в 2025 году вагонов выросло почти вдвое
17:55:59 | INFO |   OK [2026-02-04] Минпромторг России прогнозирует выпуск 47,8 тыс. грузовых вагонов в 2026 году
17:56:00 | INFO |   OK [2026-02-04] Ремонт грузовых вагонов: неоптимистичные перспективы-2026
17:56:00 | INFO |   OK [2026-02-04] Вводится в действие ГОСТ 35269-2025 «Вагоны-термосы. Общие технические условия»
17:56:00 | INFO |   OK [2026-02-04] Власти Кузбасса: ж/д перевозки по принципу «вези или плати» сделают экспорт угля
17:56:00 | INFO | === Листинг стр. 37/50 -> https://wagon-cargo.ru/news/?MUL_MODE=&PAGEN_1=37
17:56:00 | INFO |   Найдено карточек: 8
17:56:00 | INFO |   OK [2026-02-03] Выпуск тепловозов в Казахстане падает при росте производства вагонов
17:56:01 | INFO |   OK [2026-02-03] Intramotev получила первый экспортный заказ на поставку самоходных вагонов
17:56:01 | INFO |   OK [2026-02-03] Оптимальный момент для заказа вагонов настал тогда, когда его никто не ждал
17:56:01 | INFO |   OK [2026-02-03] «СГ-транс» получил диплом премии в области логистики Magistral Awards
17:56:01 | INFO |   OK [2026-02-03] ЗСК «Кубань» выпустил более 2 тыс. вагонов за первые три года их производства
17:56:01 | INFO |   OK [2026-02-03] Претензии грузовладельцев к перевозчику: идет обсуждение новых законопроектов
17:56:02 | INFO |   OK [2026-02-02] Росжелдор показал работу цифрового двойника тормозной системы
17:56:02 | INFO |   OK [2026-02-02] Рекордный парк грузовых вагонов может парализовать сеть
17:56:02 | INFO | === Листинг стр. 38/50 -> https://wagon-cargo.ru/news/?MUL_MODE=&PAGEN_1=38
17:56:02 | INFO |   Найдено карточек: 8
17:56:02 | INFO |   OK [2026-02-02] Погрузка на сети РЖД в январе 2026 года снизилась на 4%
17:56:02 | INFO |   OK [2026-02-02] «Депо НТК» планирует втрое увеличить количество капитальных ремонтов вагонов в т
17:56:03 | INFO |   OK [2026-01-30] «РМ Рейл» сертифицировала вагон-платформу модели 13-1258-04
17:56:03 | INFO |   OK [2026-01-30] RWS Wagon увеличила межремонтные пробеги у полувагонов 12-6773
17:56:03 | INFO |   OK [2026-01-30] Экономический эффект от цифровизации ERG в 2025 году превысил 110 млн долларов
17:56:03 | INFO |   OK [2026-01-30] ОАО «РЖД» объявляет конкурс 2026 года на предоставление грантов молодым ученым
17:56:03 | INFO |   OK [2026-01-29] «РМ Рейл» готовится к выводу на рынок новой модели фитинговой платформы
17:56:03 | INFO |   OK [2026-01-29] ГТЛК нарастила лизинг и аренду грузовых вагонов на 42%
17:56:03 | INFO | === Листинг стр. 39/50 -> https://wagon-cargo.ru/news/?MUL_MODE=&PAGEN_1=39
17:56:04 | INFO |   Найдено карточек: 8
17:56:04 | INFO |   OK [2026-01-29] Погрузка на сети РЖД в 2026 году должна составить 1 млрд 132 млн тонн
17:56:04 | INFO |   OK [2026-01-29] «СГ-транс» расширил производственные мощности в Нижнекамске
17:56:04 | INFO |   OK [2026-01-29] Вагоны GBXLE оснастят беспроводными шлюзами для мониторинга состояния тележек
17:56:04 | INFO |   OK [2026-01-28] В СГУПС разрабатывают автоматизированную систему диагностики профилей колёсных п
17:56:04 | INFO |   OK [2026-01-28] Подтасовка рейтингов и сокрытие брака при ремонте грузовых вагонов
17:56:05 | INFO |   OK [2026-01-28] Железнодорожники перегоняют вагоны на 9000 км ради прибыли, а не эффективности
17:56:05 | INFO |   OK [2026-01-28] Частному игроку интересна покупка 100% акций ФГК
17:56:05 | INFO |   OK [2026-01-27] На рынок кассетных подшипников выходит новый игрок
17:56:05 | INFO | === Листинг стр. 40/50 -> https://wagon-cargo.ru/news/?MUL_MODE=&PAGEN_1=40
17:56:05 | INFO |   Найдено карточек: 8
17:56:05 | INFO |   OK [2026-01-27] Алтайский завод сохранил статус одного из крупнейших производителей вагонов РФ
17:56:06 | INFO |   OK [2026-01-27] Первый поезд из 8-осных полувагонов «Урал» отправлен на Дальний Восток
17:56:06 | INFO |   OK [2026-01-26] Выпуск комплектующих для вагонов сократился на фоне спада вагоностроения и ремон
17:56:06 | INFO |   OK [2026-01-26] «ОМК Стальной путь» запустила сервис по очистке и освидетельствованию контейнеро
17:56:06 | INFO |   OK [2026-01-26] Knorr-Bremse впервые поставит сцепки для Alstom
17:56:06 | INFO |   OK [2026-01-26] DB Cargo расширила функционал инспекционного портала для грузовых вагонов
17:56:06 | INFO |   OK [2026-01-22] Добавлен протокол Экспертной группы Комиссии вагонного хозяйства от 20.01.2026
17:56:07 | INFO |   OK [2026-01-22] Две трети из построенных в 2025 году полувагонов – повышенной грузоподъемности
17:56:07 | INFO | === Листинг стр. 41/50 -> https://wagon-cargo.ru/news/?MUL_MODE=&PAGEN_1=41
17:56:07 | INFO |   Найдено карточек: 8
17:56:07 | INFO |   OK [2026-01-22] Глава Росжелдора принял участие в заседании коллегии Минтранса по науке
17:56:07 | INFO |   OK [2026-01-22] Железнодорожный затор: когда рельсы превратились в гигантскую парковку
17:56:07 | INFO |   OK [2026-01-21] Почему РЖД теряют металл
17:56:08 | INFO |   OK [2026-01-21] На полном «ходу»: отрасль удобрений набрала скорость в 2025 году
17:56:08 | INFO |   OK [2026-01-21] АО «Рузхиммаш» получил сертификат на тележки двухосные 18-1277-01
17:56:08 | INFO |   OK [2026-01-21] VR FleetCare изготовила тележки для перевозки подвижного состава
17:56:08 | INFO |   OK [2026-01-21] ЗабЖД провела за год более 67 тысяч пар поездов в режиме виртуальной сцепки
17:56:08 | INFO |   OK [2026-01-20] «НовоТехРейл» представил новую цистерну для нефтепродуктов
17:56:08 | INFO | === Листинг стр. 42/50 -> https://wagon-cargo.ru/news/?MUL_MODE=&PAGEN_1=42
17:56:08 | INFO |   Найдено карточек: 8
17:56:09 | INFO |   OK [2026-01-20] Обсуждены перспективы и вызовы транспортной отрасли с новым курирующим заместите
17:56:09 | INFO |   OK [2026-01-20] FreightCar America укрепляет позиции в комплектующих и обслуживании грузовых ваг
17:56:09 | INFO |   OK [2026-01-20] ООО «КАВАЗ» сертифицировал полувагоны универсальные модели 12-1303-01
17:56:09 | INFO |   OK [2026-01-20] Итоги 11 месяцев 2025 года: снижение количества нарушений на железнодорожной инф
17:56:09 | INFO |   OK [2026-01-19] Минтранс ждет от РЖД повышения эффективности без льгот
17:56:09 | INFO |   OK [2026-01-19] О перемещении порожних вагонов: уроки РЖД
17:56:10 | INFO |   OK [2026-01-19] ВНИИЖТ на заседании рабочей группы по вопросам использования подшипников в грузо
17:56:10 | INFO |   OK [2026-01-16] РЖД, прогнозы аналитиков и реальность бизнеса существуют в разных измерениях
17:56:10 | INFO | === Листинг стр. 43/50 -> https://wagon-cargo.ru/news/?MUL_MODE=&PAGEN_1=43
17:56:10 | INFO |   Найдено карточек: 8
17:56:10 | INFO |   OK [2026-01-16] Сумма сделки по продаже доли РЖД в ФГК может достичь 44 млрд рублей
17:56:10 | INFO |   OK [2026-01-16] Белоруссия приобрела более 3000 грузовых вагонов за 5 лет
17:56:11 | INFO |   OK [2026-01-16] Доля полувагонов в выпуске инновации увеличилась – что еще изменилось
17:56:11 | INFO |   OK [2026-01-16] Развитие вагоноремонтного комплекса
17:56:11 | INFO |   OK [2026-01-15] В декабре оживилось строительство грузовых вагонов – но оптимизма нет
17:56:11 | INFO |   OK [2026-01-15] Баллы за вагоны: без ЕАЭС, со своим литьем и КБ, бонус за алюминий, композиты и 
17:56:11 | INFO |   OK [2026-01-14] Новости железнодорожного машиностроения России: сводка после новогодних каникул
17:56:11 | INFO |   OK [2026-01-14] Приватизация ФГК несёт риски для РЖД и всей железнодорожной отрасли
17:56:11 | INFO | === Листинг стр. 44/50 -> https://wagon-cargo.ru/news/?MUL_MODE=&PAGEN_1=44
17:56:12 | INFO |   Найдено карточек: 8
17:56:12 | INFO |   OK [2026-01-14] ЖД-Партнер подготовил резолюцию по итогам XXIII конференции Рынок транспортных у
17:56:12 | INFO |   OK [2026-01-14] Контейнеры как зеркало экономики
17:56:12 | INFO |   OK [2026-01-13] ТЕК-КОМ локализовала производство буксовых кассетных подшипников для инновационн
17:56:12 | INFO |   OK [2026-01-13] В декабре 2025 года оборот вагона на РЖД составил 20,9 суток
17:56:12 | INFO |   OK [2026-01-13] Компании с учредителем из РФ продлят договор по вагонному заводу в Ташкенте
17:56:13 | INFO |   OK [2026-01-13] Управление с принуждением
17:56:13 | INFO |   OK [2026-01-13] ООО «Ремтерминал» получила официальный статус резидента ОЭЗ «Новосибирск»
17:56:13 | INFO |   OK [2026-01-12] Количество плановых видов ремонта вагонов в 2025 году сократилось более чем на 2
17:56:13 | INFO | === Листинг стр. 45/50 -> https://wagon-cargo.ru/news/?MUL_MODE=&PAGEN_1=45
17:56:13 | INFO |   Найдено карточек: 8
17:56:13 | INFO |   OK [2026-01-12] На железных дорогах СНГ ввели обязательную установку новых подшипников
17:56:14 | INFO |   OK [2026-01-12] Погрузка на сети РЖД по итогам 2025 года упала на 5,6%
17:56:14 | INFO |   OK [2026-01-12] Минпромторг России уточняет критерии локализации для грузовых вагонов
17:56:14 | INFO |   OK [2026-01-12] УВЗ выполнил первый контракт на поставку вагонов «Урал»
17:56:14 | INFO |   OK [2025-12-30] С Наступающим Новым Годом и Рождеством!
17:56:14 | INFO |   OK [2025-12-30] Производство подвижного состава в России за январь-ноябрь 2025
17:56:14 | INFO |   OK [2025-12-30] Gemco Rail запустила свой второй вагоностроительный завод в Австралии
17:56:15 | INFO |   OK [2025-12-30] О результатах работ по стандартизации в области железнодорожного транспорта в 20
17:56:15 | INFO | === Листинг стр. 46/50 -> https://wagon-cargo.ru/news/?MUL_MODE=&PAGEN_1=46
17:56:15 | INFO |   Найдено карточек: 8
17:56:15 | INFO |   OK [2025-12-29] Быстрые грузы для жизни растений
17:56:15 | INFO |   OK [2025-12-29] В Казахстане освоено производство оси черновой вагонной
17:56:15 | INFO |   OK [2025-12-29] Как сегодня работают испытательные центры ТМХ: рассказ руководителя
17:56:16 | INFO |   OK [2025-12-26] Компания «ОМК Стальной путь» начала ремонтировать шестиосные вагоны-самосвалы
17:56:16 | INFO |   OK [2025-12-26] Железнодорожный транспорт России: итоги 2025 года
17:56:16 | INFO |   OK [2025-12-26] НВРК сертифицировала изотермические вагоны-термосы моделей 16-6789, 16-6789-01, 
17:56:16 | INFO |   OK [2025-12-26] УКБВ: 90 лет определяя облик грузового вагона на колее 1520 мм
17:56:16 | INFO |   OK [2025-12-26] Если нужно закрыть внутренний рынок для Китая, значит Ваша продукция неконкурент
17:56:16 | INFO | === Листинг стр. 47/50 -> https://wagon-cargo.ru/news/?MUL_MODE=&PAGEN_1=47
17:56:17 | INFO |   Найдено карточек: 8
17:56:17 | INFO |   OK [2025-12-25] Заседание Координационного совета по вагонному комплексу в ОАО «РЖД»
17:56:17 | INFO |   OK [2025-12-25] Новости закупок и поставок грузовых вагонов: УВЗ, ГТЛК, WH Davis, Vako, VR Fleet
17:56:17 | INFO |   OK [2025-12-25] Иран направил $300 млн на стимулирование закупки бизнесом подвижного состава
17:56:17 | INFO |   OK [2025-12-25] ОМК Стальной путь будет делиться экспертизой по ремонту подшипников с отраслью
17:56:17 | INFO |   OK [2025-12-25] «РМ Рейл» сертифицировала полувагон для технологической щепы модели 12-1293-03
17:56:18 | INFO |   OK [2025-12-24] В январе-ноябре погрузка удобрений на сети РЖД увеличилась на 4,5%
17:56:18 | INFO |   OK [2025-12-24] Замглавы ОАО РЖД Ирина Магнушевская рассказала о перевозках угля
17:56:18 | INFO |   OK [2025-12-24] ЕВРАЗ ЗСМК отгрузил 28 тысяч тонн рельсов для ВСМ
17:56:18 | INFO | === Листинг стр. 48/50 -> https://wagon-cargo.ru/news/?MUL_MODE=&PAGEN_1=48
17:56:18 | INFO |   Найдено карточек: 8
17:56:18 | INFO |   OK [2025-12-23] Высокоскоростные транспортные системы одни из основными перспективных технологий
17:56:19 | INFO |   OK [2025-12-23] Состоялось заседание Комитета ОПЖТ по грузовому подвижному составу
17:56:19 | INFO |   OK [2025-12-23] ФАС одобрила обновленное тарифное руководство по грузоперевозкам железнодорожным
17:56:19 | INFO |   OK [2025-12-23] Идентификация и учет номерных составных частей грузового вагона при изготовлении
17:56:19 | INFO |   OK [2025-12-23] «ТрансКонтейнер» в 2025 году почти на две трети нарастил отправку поездов увелич
17:56:19 | INFO |   OK [2025-12-22] Цистерны АВСЗ сертифицированы к серийному выпуску
17:56:19 | INFO |   OK [2025-12-22] Эксперт назвал оптимальное число грузовых вагонов на ж/д сети в России
17:56:20 | INFO |   OK [2025-12-22] 60-футовая платформа производства «Днепровагонмаша» будет применяться при обслуж
17:56:20 | INFO | === Листинг стр. 49/50 -> https://wagon-cargo.ru/news/?MUL_MODE=&PAGEN_1=49
17:56:20 | INFO |   Найдено карточек: 8
17:56:20 | INFO |   OK [2025-12-22] Снижение погрузки РЖД требует системных решений
17:56:20 | INFO |   OK [2025-12-19] Новые грузовые вагоны на «Пространстве 1520»: «РМ Рейл», БВРЗ, «НовоТехРейл» и д
17:56:20 | INFO |   OK [2025-12-19] На Украине снова подтвердили отмену ограничения срока службы вагонов
17:56:20 | INFO |   OK [2025-12-19] В ноябре оборот вагона составил 20,65 суток
17:56:21 | INFO |   OK [2025-12-19] В России снизились ставки аренды на полувагоны
17:56:21 | INFO |   OK [2025-12-19] Число грузовых вагонов на железнодорожной сети в России выросло на 20 тысяч
17:56:21 | INFO |   OK [2025-12-19] АО «Барнаульский ВРЗ» получил сертификат на вагоны-цистерны модели 15-2167-01
17:56:21 | INFO |   OK [2025-12-18] ТОО «АВСЗ» сертифицировал вагоны-цистерны для нефтепродуктов модели 15-3237
17:56:21 | INFO | === Листинг стр. 50/50 -> https://wagon-cargo.ru/news/?MUL_MODE=&PAGEN_1=50
17:56:21 | INFO |   Найдено карточек: 8
17:56:22 | INFO |   OK [2025-12-18] РЖД продлили действие скидок на грузоперевозки до 2026 и 2028 годов
17:56:22 | INFO |   OK [2025-12-18] ТОО «АВСЗ» сертифицировал вагоны-цистерны для сжиженных углеводородных газов мод
17:56:22 | INFO |   OK [2025-12-18] Глава Мордовии Артем Здунов и генеральный директор «РМ Рейл» Максим Тевс обсудил
17:56:22 | INFO |   OK [2025-12-18] Каких грузов на сети станет больше, а какие уйдут с РЖД совсем
17:56:22 | INFO |   OK [2025-12-17] Спор ОВК и СУЭК продолжается: хронология событий и взгляд экспертов
17:56:22 | INFO |   OK [2025-12-17] Пазлы железнодорожной логистики сложили на РТУ-2025
17:56:23 | INFO |   OK [2025-12-17] В ноябре в восточном направлении по сети РЖД отправлено на экспорт 9,6 млн тонн 
17:56:23 | INFO |   OK [2025-12-16] АО «Барнаульский ВРЗ» получил сертификат на вагоны-цистерны модели 15-2169-02
17:56:23 | INFO | Состояние сохранено: 400 URL -> wagon_cargo_state.json
17:56:23 | INFO | Итого собрано новых новостей: 400
17:56:23 | INFO | 
Собрано: 400 новостей
17:56:23 | INFO |                                                                      title publish_date                                                                   link
0    Доля полувагонов 25 тс в экспортной погрузке угля на восток достиг...   2026-05-22  https://wagon-cargo.ru/news/dolya-poluvagonov-25-ts-v-eksportnoy-p...
1    Два века на службе России — от первого инженерного корпуса до архи...   2026-05-22  https://wagon-cargo.ru/news/dva-veka-na-sluzhbe-rossii-ot-pervogo-...
2    Совет директоров ОВК рекомендовал не выплачивать дивиденды за 2025...   2026-05-22  https://wagon-cargo.ru/news/sovet-direktorov-ovk-rekomendoval-ne-v...
3                                       Вынужденная оптимизация штата ТВСЗ   2026-05-22   https://wagon-cargo.ru/news/vynuzhdennaya-optimizatsiya-shtata-tvsz/
4    На Тихвинском вагоностроительном заводе проходит третий этап стажи...   2026-05-21  https://wagon-cargo.ru/news/na-tikhvinskom-vagonostroitelnom-zavod...
5    ЗМК получил сертификаты соответствия на вагоны-цистерны для перево...   2026-05-21  https://wagon-cargo.ru/news/zmk-poluchil-sertifikaty-sootvetstviya...
6              Хроники низкого рынка вагонов: минимальный выпуск за 10 лет   2026-05-21  https://wagon-cargo.ru/news/khroniki-nizkogo-rynka-vagonov-minimal...
7                               Рынок цистерн для СУГ: основная информация   2026-05-21  https://wagon-cargo.ru/news/rynok-tsistern-dlya-sug-osnovnaya-info...
8           Методика определения потребного парка окончательно согласована   2026-05-21  https://wagon-cargo.ru/news/metodika-opredeleniya-potrebnogo-parka...
9    АО «Рузхиммаш» получил сертификат на вагоны-цистерны восьмиосные д...   2026-05-20  https://wagon-cargo.ru/news/ao-ruzkhimmash-poluchil-sertifikat-na-...
10   НТК нарастила перевозки руд в апреле на 29,7%, минерально-строител...   2026-05-20  https://wagon-cargo.ru/news/ntk-narastila-perevozki-rud-v-aprele-n...
11   Польская PKP Cargo может организовать выпуск вагонов для военной т...   2026-05-20  https://wagon-cargo.ru/news/polskaya-pkp-cargo-mozhet-organizovat-...
12         У старейшего барнаульского завода официально сменилось название   2026-05-19  https://wagon-cargo.ru/news/u-stareyshego-barnaulskogo-zavoda-ofit...
13        Вагоно-колесная мастерская Атырау получила аттестат аккредитации   2026-05-19  https://wagon-cargo.ru/news/vagono-kolesnaya-masterskaya-atyrau-po...
14   Правила приписки железнодорожного подвижного состава: обсуждение в...   2026-05-19  https://wagon-cargo.ru/news/pravila-pripiski-zheleznodorozhnogo-po...
15        АО «ФГК» увеличило объем экспортной погрузки в полувагоны на 29%   2026-05-19  https://wagon-cargo.ru/news/ao-fgk-uvelichilo-obem-eksportnoy-pogr...
16   Минтранс запретит использовать продленные цистерны, модернизирован...   2026-05-18  https://wagon-cargo.ru/news/mintrans-zapretit-ispolzovat-prodlenny...
17   Генеральным директором Демиховского машиностроительного завода наз...   2026-05-18  https://wagon-cargo.ru/news/generalnym-direktorom-demikhovskogo-ma...
18   «ЛокоТех» внедряет цифровую аналитику состояния колесных пар локом...   2026-05-18  https://wagon-cargo.ru/news/lokotekh-vnedryaet-tsifrovuyu-analitik...
19      Глава «Трансконтейнера» заявил о дефиците железнодорожных платформ   2026-05-18  https://wagon-cargo.ru/news/glava-transkonteynera-zayavil-o-defits...
20   Transwaggon ввела в эксплуатацию платформы-автомобилевозы новой мо...   2026-05-18  https://wagon-cargo.ru/news/transwaggon-vvela-v-ekspluatatsiyu-pla...
21                          Производство грузовых вагонов за 4 месяца 2026   2026-05-15  https://wagon-cargo.ru/news/proizvodstvo-gruzovykh-vagonov-za-4-me...
22   Технологический прорыв: как контейнеры «open top» изменили логисти...   2026-05-15  https://wagon-cargo.ru/news/tekhnologicheskiy-proryv-kak-konteyner...
23   Александр Хатьянов назначен первым заместителем генерального дирек...   2026-05-15  https://wagon-cargo.ru/news/aleksandr-khatyanov-naznachen-pervym-z...
24   Дивизиональные соревнования «Лучший по профессии» и «Лучшее предпр...   2026-05-15  https://wagon-cargo.ru/news/divizionalnye-sorevnovaniya-luchshiy-p...
25    Почти 90% выпускаемых сегодня инновационных вагонов – это полувагоны   2026-05-14  https://wagon-cargo.ru/news/pochti-90-vypuskaemykh-segodnya-innova...
26   Вагоноремонтные подразделения НТК отремонтировали более 5000 вагон...   2026-05-14  https://wagon-cargo.ru/news/vagonoremontnye-podrazdeleniya-ntk-otr...
27                             Об изменении баланса парка грузовых вагонов   2026-05-14  https://wagon-cargo.ru/news/ob-izmenenii-balansa-parka-gruzovykh-v...
28    Добавлен протокол 84 заседания Совета по железнодорожному транспорту   2026-05-14  https://wagon-cargo.ru/news/dobavlen-protokol-84-zasedaniya-soveta...
29   Объемы перевозок говорят о результатах работы Совета по железнодор...   2026-05-14  https://wagon-cargo.ru/news/obemy-perevozok-govoryat-o-rezultatakh...
30   ПСБ повторно не смог продать активы национализированной «Вектор Рейл»   2026-05-13  https://wagon-cargo.ru/news/psb-povtorno-ne-smog-prodat-aktivy-nat...
31                                История железных дорог России. 1951-1960   2026-05-13  https://wagon-cargo.ru/news/istoriya-zheleznykh-dorog-rossii-1951-...
32    Производство изотермических вагонов с начала года выросло в 2,6 раза   2026-05-13  https://wagon-cargo.ru/news/proizvodstvo-izotermicheskikh-vagonov-...
33                                                     Авторизован СЦ Кемь   2026-05-13                       https://wagon-cargo.ru/news/avtorizovan-sts-kem/
34            Оборот вагона на сети РЖД в апреле составил около 20,3 суток   2026-05-13  https://wagon-cargo.ru/news/oborot-vagona-na-seti-rzhd-v-aprele-so...
35                        Производство грузовых вагонов сократилось на 40%   2026-05-13  https://wagon-cargo.ru/news/proizvodstvo-gruzovykh-vagonov-sokrati...
36   ТВСЗ получил сертификат на вагоны-цистерны для масел растительных ...   2026-05-08  https://wagon-cargo.ru/news/tvsz-poluchil-sertifikat-na-vagony-tsi...
37   Эксперты прогнозируют снижение погрузки на сети РЖД по итогам 2026...   2026-05-08  https://wagon-cargo.ru/news/eksperty-prognoziruyut-snizhenie-pogru...
38   Инфраструктурные приоритеты транспортной отрасли: от рекордов 2025...   2026-05-07  https://wagon-cargo.ru/news/infrastrukturnye-prioritety-transportn...
39                                Подвижной дисбаланс на пространстве 1520   2026-05-07  https://wagon-cargo.ru/news/podvizhnoy-disbalans-na-prostranstve-1...
40                   Вагоноремонтные предприятия возьмут в системный аудит   2026-05-06  https://wagon-cargo.ru/news/vagonoremontnye-predpriyatiya-vozmut-v...
41           Испытываем тормозные системы будущих высокоскоростных поездов   2026-05-06  https://wagon-cargo.ru/news/ispytyvaem-tormoznye-sistemy-budushchi...
42   Разработан проект Федерального закона «О транспортной политике в Р...   2026-05-06  https://wagon-cargo.ru/news/razrabotan-proekt-federalnogo-zakona-o...
43      Состоялось заседание Комитета ОПЖТ по грузовому подвижному составу   2026-05-05  https://wagon-cargo.ru/news/sostoyalos-zasedanie-komiteta-opzht-po...
44               ТМХ передал московскому метро тысячный вагон серии 81-776   2026-05-05  https://wagon-cargo.ru/news/tmkh-peredal-moskovskomu-metro-tysyach...
45      НТК выстроила «большое кольцо» для оптимизации перевозки удобрений   2026-05-05  https://wagon-cargo.ru/news/ntk-vystroila-bolshoe-koltso-dlya-opti...
46   Погрузка на сети РЖД в апреле 2026 года: инфографика, анализ и про...   2026-05-04  https://wagon-cargo.ru/news/pogruzka-na-seti-rzhd-v-aprele-2026-go...
47   Boxmover сертифицировала технологию поворотной рамы для фитинговой...   2026-05-04  https://wagon-cargo.ru/news/boxmover-sertifitsirovala-tekhnologiyu...
48                       В Прикамье четыре грузовых вагона сошли с рельсов   2026-05-04  https://wagon-cargo.ru/news/v-prikame-chetyre-gruzovykh-vagona-sos...
49   Финрезультаты ОВК в 2025 году: спад выручки, но с сохранением прибыли   2026-04-30  https://wagon-cargo.ru/news/finrezultaty-ovk-v-2025-godu-spad-vyru...
50     РЖД в апреле ожидают рост погрузки в пределах 1,6%, в мае - на 2,9%   2026-04-30  https://wagon-cargo.ru/news/rzhd-v-aprele-ozhidayut-rost-pogruzki-...
51   Украина и Испания займутся созданием грузовой тележки с изменяемой...   2026-04-30  https://wagon-cargo.ru/news/ukraina-i-ispaniya-zaymutsya-sozdaniem...
52   Туркмения за более чем 20 лет приобрела у Китая 180 локомотивов и ...   2026-04-30  https://wagon-cargo.ru/news/turkmeniya-za-bolee-chem-20-let-priobr...
53             АО «ФГК» на 37% увеличило перевозки удобрений в полувагонах   2026-04-29  https://wagon-cargo.ru/news/ao-fgk-na-37-uvelichilo-perevozki-udob...
54   АО «Рузхиммаш» получил сертификат на транспортёры железнодорожные ...   2026-04-29  https://wagon-cargo.ru/news/ao-ruzkhimmash-poluchil-sertifikat-na-...
55         Объем обращающихся выпусков облигаций ПГК достиг 66 млрд рублей   2026-04-29  https://wagon-cargo.ru/news/obem-obrashchayushchikhsya-vypuskov-ob...
56   Чистая прибыль ОВК по РСБУ в I квартале составила 125 миллионов ру...   2026-04-29  https://wagon-cargo.ru/news/chistaya-pribyl-ovk-po-rsbu-v-i-kvarta...
57    Минтранс РФ работает над актуализацией Транспортной стратегии России   2026-04-28  https://wagon-cargo.ru/news/mintrans-rf-rabotaet-nad-aktualizatsie...
58               Чистая прибыль ОВК по МСФО в 2025 году снизилась на 30,9%   2026-04-28  https://wagon-cargo.ru/news/chistaya-pribyl-ovk-po-msfo-v-2025-god...
59          К 2032 году парк Петербургского метрополитена вдвое помолодеет   2026-04-28  https://wagon-cargo.ru/news/k-2032-godu-park-peterburgskogo-metrop...
60   РЖД в I квартале снизили прибыль по РСБУ в 2,6 раза, до 5,05 млрд ...   2026-04-28  https://wagon-cargo.ru/news/rzhd-v-i-kvartale-snizili-pribyl-po-rs...
61                  Экспорт зерна по железной дороге приблизился к рекорду   2026-04-27  https://wagon-cargo.ru/news/eksport-zerna-po-zheleznoy-doroge-prib...
62   «РМ Рейл» выступила соорганизатором региональной конференции по пр...   2026-04-27  https://wagon-cargo.ru/news/rm-reyl-vystupila-soorganizatorom-regi...
63        ФАС одобрила приобретение Шишкаревым доли «Росатома» в УК «Дело»   2026-04-27  https://wagon-cargo.ru/news/fas-odobrila-priobretenie-shishkarevym...
64      Производство подвижного состава в России по итогам I квартала 2026   2026-04-27  https://wagon-cargo.ru/news/proizvodstvo-podvizhnogo-sostava-v-ros...
65   Добавлен протокол Экспертной группы Комиссии вагонного хозяйства о...   2026-04-23  https://wagon-cargo.ru/news/dobavlen-protokol-ekspertnoy-gruppy-ko...
66             АВСЗ получил первый экспортный заказ: полувагоны в Монголию   2026-04-23  https://wagon-cargo.ru/news/avsz-poluchil-pervyy-eksportnyy-zakaz-...
67                                     Деловой визит на ВКМ Старого Оскола   2026-04-23       https://wagon-cargo.ru/news/delovoy-vizit-na-vkm-starogo-oskola/
68   Шведская Kiruna Wagon выпустит вагон-транспортер грузоподъемностью...   2026-04-23  https://wagon-cargo.ru/news/shvedskaya-kiruna-wagon-vypustit-vagon...
69   Число операторов, заключивших с РЖД договор по оптимизации работы ...   2026-04-23  https://wagon-cargo.ru/news/chislo-operatorov-zaklyuchivshikh-s-rz...
70   Из всех родов подвижного состава наиболее лучшая экономика складыв...   2026-04-22  https://wagon-cargo.ru/news/iz-vsekh-rodov-podvizhnogo-sostava-nai...
71                            О росте парка грузовых вагонов и их дефиците   2026-04-22  https://wagon-cargo.ru/news/o-roste-parka-gruzovykh-vagonov-i-ikh-...
72      Видео о первом полностью грузовом высокоскоростном поезде в Японии   2026-04-22  https://wagon-cargo.ru/news/video-o-pervom-polnostyu-gruzovom-vyso...
73   Второе поколение инновации для повышения эффективности перевозочно...   2026-04-22  https://wagon-cargo.ru/news/vtoroe-pokolenie-innovatsii-dlya-povys...
74             ФГК и ПМХ наращивают погрузку в полувагоны на полигоне ЮВЖД   2026-04-22  https://wagon-cargo.ru/news/fgk-i-pmkh-narashchivayut-pogruzku-v-p...
75   Россия поставила Узбекистану ж/д техники на сумму свыше 30 млрд ру...   2026-04-21  https://wagon-cargo.ru/news/rossiya-postavila-uzbekistanu-zh-d-tek...
76                   Первые полувагоны 12-6744 от ОВК пошли в эксплуатацию   2026-04-21  https://wagon-cargo.ru/news/pervye-poluvagony-12-6744-ot-ovk-poshl...
77   GATX Rail Europe завершила первый этап испытаний сочлененной платф...   2026-04-21  https://wagon-cargo.ru/news/gatx-rail-europe-zavershila-pervyy-eta...
78   Итоги года и задачи на перспективу: состоялось общее собрание Союз...   2026-04-21  https://wagon-cargo.ru/news/itogi-goda-i-zadachi-na-perspektivu-so...
79                      Парк грузовых вагонов на сети РЖД продолжает расти   2026-04-21  https://wagon-cargo.ru/news/park-gruzovykh-vagonov-na-seti-rzhd-pr...
80   Парадокс железнодорожной скорости: почему поезда едут медленнее, а...   2026-04-20  https://wagon-cargo.ru/news/paradoks-zheleznodorozhnoy-skorosti-po...
81   Конференция ОПЖТ по тормозным системам железнодорожного подвижного...   2026-04-20  https://wagon-cargo.ru/news/konferentsiya-opzht-po-tormoznym-siste...
82   Снижение заказа РЖД высвободило запчасти для промышленного локомот...   2026-04-20  https://wagon-cargo.ru/news/snizhenie-zakaza-rzhd-vysvobodilo-zapc...
83                                                        ВНИИЖТу 108 лет!   2026-04-20                          https://wagon-cargo.ru/news/vniizhtu-108-let/
84             Медиарейтинг железнодорожных операторов I квартал 2026 года   2026-04-20  https://wagon-cargo.ru/news/mediareyting-zheleznodorozhnykh-operat...
85      В 2025 году объем рынка рельсового транспорта превысил 1 трлн руб.   2026-04-17  https://wagon-cargo.ru/news/v-2025-godu-obem-rynka-relsovogo-trans...
86   Терминалы «ТрансКонтейнера» на Транссибе в марте показали значител...   2026-04-17  https://wagon-cargo.ru/news/terminaly-transkonteynera-na-transsibe...
87   Уралвагонзавод опроверг сокращение персонала и мобилизацию сотрудн...   2026-04-17  https://wagon-cargo.ru/news/uralvagonzavod-oproverg-sokrashchenie-...
88   Экс-совладелец «Трансфин-М» и «СГ-Транс» выступил с последним слов...   2026-04-16  https://wagon-cargo.ru/news/eks-sovladelets-transfin-m-i-sg-trans-...
89                         Осенью ожидается очередное повышение тарифа РЖД   2026-04-16  https://wagon-cargo.ru/news/osenyu-ozhidaetsya-ocherednoe-povyshen...
90                               КАВАЗ сертифицировал тележки 25 тс от УВЗ   2026-04-16  https://wagon-cargo.ru/news/kavaz-sertifitsiroval-telezhki-25-ts-o...
91              Объем лизинга железнодорожных вагонов 2025 году сократился   2026-04-16  https://wagon-cargo.ru/news/obem-lizinga-zheleznodorozhnykh-vagono...
92   На ТВСЗ состоялась приемка первой партии инновационных вагонов‑цис...   2026-04-15  https://wagon-cargo.ru/news/na-tvsz-sostoyalas-priemka-pervoy-part...
93          «Инфраструктура без подвижного состава — просто груда металла»   2026-04-15  https://wagon-cargo.ru/news/infrastruktura-bez-podvizhnogo-sostava...
94   Объективность оценки качества ремонта вагонов: проблемы и пути реш...   2026-04-14  https://wagon-cargo.ru/news/obektivnost-otsenki-kachestva-remonta-...
95                    АВСЗ принял участие в Kazakhstan Machinery Fair 2026   2026-04-14  https://wagon-cargo.ru/news/avsz-prinyal-uchastie-v-kazakhstan-mac...
96       Чистая прибыль Первой грузовой компании за год упала в девять раз   2026-04-14  https://wagon-cargo.ru/news/chistaya-pribyl-pervoy-gruzovoy-kompan...
97      Экономия операторов может обернуться дефицитом вагонов на сети РЖД   2026-04-14  https://wagon-cargo.ru/news/ekonomiya-operatorov-mozhet-obernutsya...
98   ООО «КАВАЗ» сертифицировал тележки двухосные модели 18-194-1 тип 3...   2026-04-13  https://wagon-cargo.ru/news/ooo-kavaz-sertifitsiroval-telezhki-dvu...
99                       Выпущены инновационные вагоны «второго поколения»   2026-04-13  https://wagon-cargo.ru/news/vypushcheny-innovatsionnye-vagony-vtor...
100  О разработке и утверждении Концепции системы технического регулиро...   2026-04-13  https://wagon-cargo.ru/news/o-razrabotke-i-utverzhdenii-kontseptsi...
101                               Повторные торги по продаже "Вектор Рейл"   2026-04-13   https://wagon-cargo.ru/news/povtornye-torgi-po-prodazhe-vektor-reyl/
102          Новые экономические реалии на сети РЖД в I квартале 2026 года   2026-04-13  https://wagon-cargo.ru/news/novye-ekonomicheskie-realii-na-seti-rz...
103  Вагонно-колесная мастерская Атырау включена в реестр казахстанских...   2026-04-13  https://wagon-cargo.ru/news/vagonno-kolesnaya-masterskaya-atyrau-v...
104                         Производство вагонов немного оживилось в марте   2026-04-10  https://wagon-cargo.ru/news/proizvodstvo-vagonov-nemnogo-ozhivilos...
105  Вагонный парк Акрона в Новгороде пополнили 53 хоппера производства...   2026-04-10  https://wagon-cargo.ru/news/vagonnyy-park-akrona-v-novgorode-popol...
106  Перевозки контейнеров на сети РЖД в марте 2026 года: инфографика, ...   2026-04-10  https://wagon-cargo.ru/news/perevozki-konteynerov-na-seti-rzhd-v-m...
107               В России может возникнуть дефицит рабочего парка вагонов   2026-04-09  https://wagon-cargo.ru/news/rossii-mozhet-vozniknut-defitsit-raboc...
108  Дипломатическая миссия Казахстана ознакомилась с вагоностроительны...   2026-04-09  https://wagon-cargo.ru/news/diplomaticheskaya-missiya-kazakhstana-...
109                             РЖД заявили об отсутствии дефицита вагонов   2026-04-09  https://wagon-cargo.ru/news/rzhd-zayavili-ob-otsutstvii-defitsita-...
110                 Статистика нарушений на железнодорожной инфраструктуре   2026-04-09  https://wagon-cargo.ru/news/statistika-narusheniy-na-zheleznodoroz...
111  ООО «ИЦПВК» провел выездной семинар и конкурс профессионального ма...   2026-04-08  https://wagon-cargo.ru/news/ooo-itspvk-provel-vyezdnoy-seminar-i-k...
112                                      Полувагоны: дефицит или профицит?   2026-04-08         https://wagon-cargo.ru/news/poluvagony-defitsit-ili-profitsit/
113         АО «Рузхиммаш» получил сертификат на полувагоны модели 12-1293   2026-04-08  https://wagon-cargo.ru/news/ao-ruzkhimmash-poluchil-sertifikat-na-...
114  Без участия «Росатома» с FESCO холдинг теряет монолитность и привл...   2026-04-07  https://wagon-cargo.ru/news/bez-uchastiya-rosatoma-s-fesco-kholdin...
115      РЖД и ТМХ подписали трехлетний договор на поставку электропоездов   2026-04-07  https://wagon-cargo.ru/news/rzhd-i-tmkh-podpisali-trekhletniy-dogo...
116                     ФГК не планирует обновлять вагонный парк в 2026 г.   2026-04-07  https://wagon-cargo.ru/news/fgk-ne-planiruet-obnovlyat-vagonnyy-pa...
117    В ФГК рассказали о перспективах железнодорожных скоростных платформ   2026-04-06  https://wagon-cargo.ru/news/v-fgk-rasskazali-o-perspektivakh-zhele...
118  ГК «Вагонмаш» направит 200 млн руб. на расширение производства пру...   2026-04-06  https://wagon-cargo.ru/news/gk-vagonmash-napravit-200-mln-rub-na-r...
119  РЖД планируют решать вопрос с инновационными вагонами в международ...   2026-04-06  https://wagon-cargo.ru/news/rzhd-planiruyut-reshat-vopros-s-innova...
120              «Уралвагонзавод» выпустил 60-тысячный инновационный вагон   2026-04-03  https://wagon-cargo.ru/news/uralvagonzavod-vypustil-60-tysyachnyy-...
121  Новости закупок и поставок локомотивов: Siemens Mobility, Wabtec, ...   2026-04-03  https://wagon-cargo.ru/news/novosti-zakupok-i-postavok-lokomotivov...
122                              История вагоностроения на Уралвагонзаводе   2026-04-03  https://wagon-cargo.ru/news/istoriya-vagonostroeniya-na-uralvagonz...
123  Сергей Шишкарев выкупит у «Росатома» долю в УК «Дело» и продаст ее...   2026-04-02  https://wagon-cargo.ru/news/sergey-shishkarev-vykupit-u-rosatoma-d...
124  В Индии готовятся к испытаниям первого грузового электропоезда Van...   2026-04-02  https://wagon-cargo.ru/news/v-indii-gotovyatsya-k-ispytaniyam-perv...
125   Утвержден план поэтапного обновления парка грузовых вагонов в России   2026-04-02  https://wagon-cargo.ru/news/utverzhden-plan-poetapnogo-obnovleniya...
126  Могилевский вагоностроительный завод раскрыл ожидания по поставкам...   2026-04-02  https://wagon-cargo.ru/news/mogilevskiy-vagonostroitelnyy-zavod-ra...
127  ФГК как драйвер вагоностроительных инноваций: интервью с Дмитрием ...   2026-04-01  https://wagon-cargo.ru/news/fgk-kak-drayver-vagonostroitelnykh-inn...
128  В Санкт-Петербурге начал работу первый Международный транспортно-л...   2026-04-01  https://wagon-cargo.ru/news/v-sankt-peterburge-nachal-rabotu-pervy...
129           Погрузка на сети РЖД в марте 2026 года: инфографика и анализ   2026-04-01  https://wagon-cargo.ru/news/pogruzka-na-seti-rzhd-v-marte-2026-god...
130  Новые грузовые вагоны, тележки и комплектующие: из решений Комисси...   2026-03-31  https://wagon-cargo.ru/news/novye-gruzovye-vagony-telezhki-i-kompl...
131                                        Порожняк становится резервистом   2026-03-31        https://wagon-cargo.ru/news/porozhnyak-stanovitsya-rezervistom/
132  ПГК провела аукцион по предоставлению полувагонов под перевозку щебня   2026-03-31  https://wagon-cargo.ru/news/pgk-provela-auktsion-po-predostavleniy...
133      Габарит Т в грузовых вагонах: как его перспективы видит «РМ Рейл»   2026-03-30  https://wagon-cargo.ru/news/gabarit-t-v-gruzovykh-vagonakh-kak-ego...
134                          Бизнес боится инвестировать в железную дорогу   2026-03-30  https://wagon-cargo.ru/news/biznes-boitsya-investirovat-v-zheleznu...
135                    УФАС обвинила РЖД в злоупотреблениях на Ставрополье   2026-03-30  https://wagon-cargo.ru/news/ufas-obvinila-rzhd-v-zloupotrebleniyak...
136  Итоги Общего годового собрания членов СРО Ассоциация «Промжелдортр...   2026-03-27  https://wagon-cargo.ru/news/itogi-obshchego-godovogo-sobraniya-chl...
137                                               Авторизован СЦ Черемхово   2026-03-27               https://wagon-cargo.ru/news/avtorizovan-sts-cheremkhovo/
138  Новости закупок и поставок грузовых вагонов: РМ Рейл, Nymwag, FCA,...   2026-03-27  https://wagon-cargo.ru/news/novosti-zakupok-i-postavok-gruzovykh-v...
139                                          Как платить за простой вагона   2026-03-26              https://wagon-cargo.ru/news/kak-platit-za-prostoy-vagona/
140                     В Японии запустили грузовой высокоскоростной поезд   2026-03-26  https://wagon-cargo.ru/news/v-yaponii-zapustili-gruzovoy-vysokosko...
141  Продажа «Вектор рейл»: большой потенциал по цене 7 тыс. типовых по...   2026-03-26  https://wagon-cargo.ru/news/prodazha-vektor-reyl-bolshoy-potentsia...
142  Минтранс вынес законопроект о ж/д перевозках по принципу «вези или...   2026-03-26  https://wagon-cargo.ru/news/mintrans-vynes-zakonoproekt-o-zh-d-per...
143  В РЖД сообщили о росте ж/д перевозок нефти и угля из-за ситуации н...   2026-03-26  https://wagon-cargo.ru/news/v-rzhd-soobshchili-o-roste-zh-d-perevo...
144                             БЧ представила первый крытый вагон от ОЗТМ   2026-03-25  https://wagon-cargo.ru/news/bch-predstavila-pervyy-krytyy-vagon-ot...
145  Дефицит полувагонов поставил под угрозу вывоз угля из Кузбасса на ...   2026-03-25  https://wagon-cargo.ru/news/defitsit-poluvagonov-postavil-pod-ugro...
146                    К вопросу классификации тормозов подвижного состава   2026-03-25  https://wagon-cargo.ru/news/k-voprosu-klassifikatsii-tormozov-podv...
147  Минэнерго и ФАС выступили против законопроекта о ж/д перевозках по...   2026-03-24  https://wagon-cargo.ru/news/minenergo-i-fas-vystupili-protiv-zakon...
148                          Грузовладельцы выбирают между поездом и фурой   2026-03-24  https://wagon-cargo.ru/news/gruzovladeltsy-vybirayut-mezhdu-poezdo...
149       Агентство НКР подтвердило кредитный рейтинг ПГК на уровне АА+.ru   2026-03-24  https://wagon-cargo.ru/news/agentstvo-nkr-podtverdilo-kreditnyy-re...
150  Австралийская Rail First увеличивает мощности своего вагоностроите...   2026-03-24  https://wagon-cargo.ru/news/avstraliyskaya-rail-first-uvelichivaet...
151            Добавлен протокол 82 заседания Комиссии вагонного хозяйства   2026-03-24  https://wagon-cargo.ru/news/dobavlen-protokol-82-zasedaniya-komiss...
152     АО «Алтайвагон» получил сертификат на вагоны крытые модели 11-2151   2026-03-23  https://wagon-cargo.ru/news/ao-altayvagon-poluchil-sertifikat-na-v...
153                         Производство инновационных вагонов упало втрое   2026-03-23  https://wagon-cargo.ru/news/proizvodstvo-innovatsionnykh-vagonov-u...
154                               Вагоны есть физически, но их нет для РЖД   2026-03-23  https://wagon-cargo.ru/news/vagony-est-fizicheski-no-ikh-net-dlya-...
155      Рынок грузовых вагонов-2026: низкая фаза цикла и вопрос выживания   2026-03-23  https://wagon-cargo.ru/news/rynok-gruzovykh-vagonov-2026-nizkaya-f...
156          Олег Белозеров переназначен гендиректором РЖД еще на пять лет   2026-03-23  https://wagon-cargo.ru/news/oleg-belozerov-perenaznachen-gendirekt...
157                                       НПК ОВК расширяет сервисную сеть   2026-03-20        https://wagon-cargo.ru/news/npk-ovk-rasshiryaet-servisnuyu-set/
158                             Компания «Вектор Рейл» выставлена на торги   2026-03-20  https://wagon-cargo.ru/news/kompaniya-vektor-reyl-vystavlena-na-to...
159     Росжелдор утвердил методику расчета потребности в грузовых вагонах   2026-03-20  https://wagon-cargo.ru/news/roszheldor-utverdil-metodiku-rascheta-...
160                   Контейнерный рынок России в 2026 году ждет стагнация   2026-03-19  https://wagon-cargo.ru/news/konteynernyy-rynok-rossii-v-2026-godu-...
161             Требования к перспективному грузовому вагону: взгляд рынка   2026-03-19  https://wagon-cargo.ru/news/trebovaniya-k-perspektivnomu-gruzovomu...
162                            82-е заседание Комиссии вагонного хозяйства   2026-03-19  https://wagon-cargo.ru/news/82-e-zasedanie-komissii-vagonnogo-khoz...
163   АВСЗ анонсировал планы развития линейки грузовых вагонов на 2026 год   2026-03-19  https://wagon-cargo.ru/news/avsz-anonsiroval-plany-razvitiya-liney...
164  КТЖ ввел временные ограничения на приписку вагонов из-за критическ...   2026-03-19  https://wagon-cargo.ru/news/ktzh-vvel-vremennye-ogranicheniya-na-p...
165  О модернизации цистерн 15-6737-01 с продлением срока службы: мнени...   2026-03-18  https://wagon-cargo.ru/news/o-modernizatsii-tsistern-15-6737-01-s-...
166     Группа ОМК объявляет о приобретении Новой вагоноремонтной компании   2026-03-18  https://wagon-cargo.ru/news/gruppa-omk-obyavlyaet-o-priobretenii-n...
167  АО «ФГК» и АНО «Евразийская Агрологистика» подписали меморандум о ...   2026-03-18  https://wagon-cargo.ru/news/ao-fgk-i-ano-evraziyskaya-agrologistik...
168       Количество списываемых вагонов в январе выросло почти в 1,5 раза   2026-03-17  https://wagon-cargo.ru/news/kolichestvo-spisyvaemykh-vagonov-v-yan...
169             Производство грузовых вагонов в феврале сократилось на 47%   2026-03-17  https://wagon-cargo.ru/news/proizvodstvo-gruzovykh-vagonov-v-fevra...
170  В Польше готовят к коммерческому внедрению трехосную тележку для т...   2026-03-17  https://wagon-cargo.ru/news/v-polshe-gotovyat-k-kommercheskomu-vne...
171                                               Новый стандарт инновации   2026-03-17                 https://wagon-cargo.ru/news/novyy-standart-innovatsii/
172  АО «Рузхиммаш» получил сертификат на транспортёры железнодорожные ...   2026-03-16  https://wagon-cargo.ru/news/ao-ruzkhimmash-poluchil-sertifikat-na-...
173    ОВК представит на TransRussia полувагон второго поколения инновации   2026-03-16  https://wagon-cargo.ru/news/ovk-predstavit-na-transrussia-poluvago...
174  Выпуск цистерн для химических грузов в январе – феврале к прошлого...   2026-03-16  https://wagon-cargo.ru/news/vypusk-tsistern-dlya-khimicheskikh-gru...
175                        Вагоны РЖД между профицитом, планом и позитивом   2026-03-16  https://wagon-cargo.ru/news/vagony-rzhd-mezhdu-profitsitom-planom-...
176  Железнодорожные операторы подстраиваются под новые экономические р...   2026-03-16  https://wagon-cargo.ru/news/zheleznodorozhnye-operatory-podstraiva...
177  «Промподшипник» запустил производство кассетных подшипников для ин...   2026-03-13  https://wagon-cargo.ru/news/prompodshipnik-zapustil-proizvodstvo-k...
178  Как достичь увеличенного межремонтного пробега для отдельных узлов...   2026-03-13  https://wagon-cargo.ru/news/kak-dostich-uvelichennogo-mezhremontno...
179                                  Состоялось Общее собрание членов ОПЖТ   2026-03-13  https://wagon-cargo.ru/news/sostoyalos-obshchee-sobranie-chlenov-o...
180  Norfolk Southern внедрила автоматизированную систему диагностики к...   2026-03-13  https://wagon-cargo.ru/news/norfolk-southern-vnedrila-avtomatiziro...
181  Андижанский механический завод выпустил первую цистерну для перево...   2026-03-12  https://wagon-cargo.ru/news/andizhanskiy-mekhanicheskiy-zavod-vypu...
182                    Темпы падения деповского ремонта вагонов ускоряются   2026-03-12  https://wagon-cargo.ru/news/tempy-padeniya-depovskogo-remonta-vago...
183          Операторы вагонов выступили против новых требований Минтранса   2026-03-12  https://wagon-cargo.ru/news/operatory-vagonov-vystupili-protiv-nov...
184                                              Вагонам не хватило спроса   2026-03-12                https://wagon-cargo.ru/news/vagonam-ne-khvatilo-sprosa/
185  Аналитический обзор: Итоги работы железнодорожной отрасли РФ в фев...   2026-03-11  https://wagon-cargo.ru/news/analiticheskiy-obzor-itogi-raboty-zhel...
186  Перевозки контейнеров на сети РЖД в феврале 2026 года: инфографика...   2026-03-11  https://wagon-cargo.ru/news/perevozki-konteynerov-na-seti-rzhd-v-f...
187                      Грузовая база – мерило баланса на железной дороге   2026-03-11  https://wagon-cargo.ru/news/gruzovaya-baza-merilo-balansa-na-zhele...
188  Вагоностроительный завод TŽV Gredelj не выжил: Tatravagonka начала...   2026-03-11  https://wagon-cargo.ru/news/vagonostroitelnyy-zavod-t-v-gredelj-ne...
189      Минимальная масса тары: забытый параметр с дорогими последствиями   2026-03-11  https://wagon-cargo.ru/news/minimalnaya-massa-tary-zabytyy-paramet...
190                                         Вагонный trade-in: новый раунд   2026-03-10             https://wagon-cargo.ru/news/vagonnyy-trade-in-novyy-raund/
191  Казахстан отказался от запрета на импорт железнодорожных комплекту...   2026-03-10  https://wagon-cargo.ru/news/kazakhstan-otkazalsya-ot-zapreta-na-im...
192  АО «Барнаульский ВРЗ» получил сертификат на тележки двухосные 18-2129   2026-03-10  https://wagon-cargo.ru/news/ao-barnaulskiy-vrz-poluchil-sertifikat...
193  Инвестиции в тупик: новый вагон теперь работает в убыток еще до вы...   2026-03-10  https://wagon-cargo.ru/news/investitsii-v-tupik-novyy-vagon-teper-...
194   В Казахстане меняют правила доступа к железнодорожной инфраструктуре   2026-03-10  https://wagon-cargo.ru/news/v-kazakhstane-menyayut-pravila-dostupa...
195       «Ростех» разработал пакет мер по стимулированию вагоностроителей   2026-03-06  https://wagon-cargo.ru/news/rostekh-razrabotal-paket-mer-po-stimul...
196  Подробные оценки по итогам-2025 для рынка плановых ремонтов вагоно...   2026-03-06  https://wagon-cargo.ru/news/podrobnye-otsenki-po-itogam-2025-dlya-...
197                           Вагоноремонт теряет былое в текущих условиях   2026-03-06  https://wagon-cargo.ru/news/vagonoremont-teryaet-byloe-v-tekushchi...
198                         Суд отправил Романа Хойхина под домашний арест   2026-03-06  https://wagon-cargo.ru/news/sud-otpravil-romana-khoykhina-pod-doma...
199  Механизм trade-in может поддержать выпуск до 40 тыс. полувагонов 2...   2026-03-06  https://wagon-cargo.ru/news/mekhanizm-trade-in-mozhet-podderzhat-v...
200               Глава Мордовии поздравил «РМ Рейл Рузхиммаш» с 65-летием   2026-03-05  https://wagon-cargo.ru/news/glava-mordovii-pozdravil-rm-reyl-ruzkh...
201  В Казахстане предлагают запретить на полгода импорт ряда ж/д компл...   2026-03-05  https://wagon-cargo.ru/news/v-kazakhstane-predlagayut-zapretit-na-...
202                         Какие факторы мешают окупаемости нового вагона   2026-03-05  https://wagon-cargo.ru/news/kakie-faktory-meshayut-okupaemosti-nov...
203               Главу управления РЖД задержали за взятку в 12 млн рублей   2026-03-04  https://wagon-cargo.ru/news/glavu-upravleniya-rzhd-zaderzhali-za-v...
204  Госжелдорнадзор проанализировал причины возникновения нарушений бе...   2026-03-04  https://wagon-cargo.ru/news/goszheldornadzor-proanaliziroval-prich...
205       ОВС предлагает закрыть внутренний рынок вагоностроения для Китая   2026-03-04  https://wagon-cargo.ru/news/ovs-predlagaet-zakryt-vnutrenniy-rynok...
206   РЖД не прогнозируют дефицита полувагонов и цистерн в 2026-2027 годах   2026-03-04  https://wagon-cargo.ru/news/rzhd-ne-prognoziruyut-defitsita-poluva...
207                  Топ-10 вагоностроителей России по выпуску в 2025 году   2026-03-04  https://wagon-cargo.ru/news/top-10-vagonostroiteley-rossii-po-vypu...
208           Операторы ожидают дефицита полувагонов и цистерн в 2027 году   2026-03-03  https://wagon-cargo.ru/news/operatory-ozhidayut-defitsita-poluvago...
209                          Срок службы автосцепки вагона изменить нельзя   2026-03-03  https://wagon-cargo.ru/news/srok-sluzhby-avtostsepki-vagona-izmeni...
210     ООО «КАВАЗ» сертифицировал полувагоны универсальные модели 12-1304   2026-03-03  https://wagon-cargo.ru/news/ooo-kavaz-sertifitsiroval-poluvagony-u...
211                       В январе произведено 2,8 тысячи грузовых вагонов   2026-03-03  https://wagon-cargo.ru/news/v-yanvare-proizvedeno-2-8-tysyachi-gru...
212           Выпуск запчастей для вагонов в январе значительно сократился   2026-03-02  https://wagon-cargo.ru/news/vypusk-zapchastey-dlya-vagonov-v-yanva...
213     Окончание работы совместного заседания Союза ОВС и Ассоциации ОПЖТ   2026-03-02  https://wagon-cargo.ru/news/okonchanie-raboty-sovmestnogo-zasedani...
214         По итогам февраля 2026 года погрузка на сети РЖД упала на 3,2%   2026-03-02  https://wagon-cargo.ru/news/po-itogam-fevralya-2026-goda-pogruzka-...
215  Уведомление о проведении публичного слушания по проекту тарифа на ...   2026-03-02  https://wagon-cargo.ru/news/uvedomlenie-o-provedenii-publichnogo-s...
216  Инвестиции в создание кластера транспортного машиностроения в Твер...   2026-02-27  https://wagon-cargo.ru/news/investitsii-v-sozdanie-klastera-transp...
217  На китайские колеса под обращаемые на пространстве 1520 вагоны буд...   2026-02-27  https://wagon-cargo.ru/news/na-kitayskie-kolesa-pod-obrashchaemye-...
218  Amsted Rail расширила функционал бортовой телематики для грузовых ...   2026-02-27  https://wagon-cargo.ru/news/amsted-rail-rasshirila-funktsional-bor...
219    Самый крупный инвентарный парк вагонов по СНГ – в России и Беларуси   2026-02-27  https://wagon-cargo.ru/news/samyy-krupnyy-inventarnyy-park-vagonov...
220                       АВСЗ вошел в реестр отечественных производителей   2026-02-26  https://wagon-cargo.ru/news/avsz-voshel-v-reestr-otechestvennykh-p...
221                        «РМ Рейл Рузхиммаш» возглавила Татьяна Артюшина   2026-02-26  https://wagon-cargo.ru/news/rm-reyl-ruzkhimmash-vozglavila-tatyana...
222  Суд отказался смягчить наказание давшему показания на Тайчера бизн...   2026-02-26  https://wagon-cargo.ru/news/sud-otkazalsya-smyagchit-nakazanie-dav...
223  Конструкционные изменения в грузовом вагоностроении: КАВАЗ, «ОМК С...   2026-02-25  https://wagon-cargo.ru/news/konstruktsionnye-izmeneniya-v-gruzovom...
224           Узбекистан увеличит в 1,5 раза производство грузовых вагонов   2026-02-25  https://wagon-cargo.ru/news/uzbekistan-uvelichit-v-1-5-raza-proizv...
225        Крытый вагон с открывающимися тентовыми бортами от Kiruna Wagon   2026-02-25  https://wagon-cargo.ru/news/krytyy-vagon-s-otkryvayushchimisya-ten...
226                  Итоги заседания Президиума Союза 20 февраля 2026 года   2026-02-24  https://wagon-cargo.ru/news/itogi-zasedaniya-prezidiuma-soyuza-20-...
227              Нефтяные доходы бюджета: спад на время, стагнация надолго   2026-02-24  https://wagon-cargo.ru/news/neftyanye-dokhody-byudzheta-spad-na-vr...
228              Эталонный подход к ремонту локомотивов «Рейл Сервис Локо»   2026-02-24  https://wagon-cargo.ru/news/etalonnyy-podkhod-k-remontu-lokomotivo...
229       РМ Рейл начал модернизировать вагоны-цистерны для нефтепродуктов   2026-02-24  https://wagon-cargo.ru/news/rm-reyl-nachal-modernizirovat-vagony-t...
230  В Новосибирске запущен вагоноремонтный комплекс компании «Ремтерми...   2026-02-24  https://wagon-cargo.ru/news/v-novosibirske-zapushchen-vagonoremont...
231  «Интерпайп» впервые поставила колесные пары под осевую нагрузку 35 тс   2026-02-20  https://wagon-cargo.ru/news/interpayp-vpervye-postavila-kolesnye-p...
232  Дальневосточные депутаты выступили за госрегулирование цен по арен...   2026-02-20  https://wagon-cargo.ru/news/dalnevostochnye-deputaty-vystupili-za-...
233             СТМ снизила выпуск путевой техники и тепловозов в пять раз   2026-02-20  https://wagon-cargo.ru/news/stm-snizila-vypusk-putevoy-tekhniki-i-...
234  Индийская Titagarh Rail Systems выходит на рынок лизинга грузовых ...   2026-02-20  https://wagon-cargo.ru/news/indiyskaya-titagarh-rail-systems-vykho...
235  Парк железнодорожных администраций стран бывшего СНГ и стран Балти...   2026-02-19  https://wagon-cargo.ru/news/park-zheleznodorozhnykh-administratsiy...
236  НВРК сертифицировала модернизированные изотермические вагоны с про...   2026-02-19  https://wagon-cargo.ru/news/nvrk-sertifitsirovala-modernizirovanny...
237  «Уралкриомаш» в 2025 г. увеличил чистую прибыль в 1,7 раза, выручк...   2026-02-19  https://wagon-cargo.ru/news/uralkriomash-v-2025-g-uvelichil-chistu...
238                    В январе оборот вагона на сети составил 21,98 суток   2026-02-18  https://wagon-cargo.ru/news/v-yanvare-oborot-vagona-na-seti-sostav...
239             В РЖД объяснили смысл надбавки в 1% к грузовому ж/д тарифу   2026-02-18  https://wagon-cargo.ru/news/v-rzhd-obyasnili-smysl-nadbavki-v-1-k-...
240  АО «Рузхиммаш» получил сертификат на вагоны-цистерны модернизирова...   2026-02-18  https://wagon-cargo.ru/news/ao-ruzkhimmash-poluchil-sertifikat-na-...
241             Евгений Мальцев об эксплуатации 8-осных полувагонов «Урал»   2026-02-18  https://wagon-cargo.ru/news/evgeniy-maltsev-ob-ekspluatatsii-8-osn...
242       Вагоноремонтная отрасль в 2025 году попала в зону турбулентности   2026-02-18  https://wagon-cargo.ru/news/vagonoremontnaya-otrasl-v-2025-godu-po...
243           «Бежицкая сталь» частично перешла на неполную рабочую неделю   2026-02-17  https://wagon-cargo.ru/news/bezhitskaya-stal-chastichno-pereshla-n...
244      Правительство вводит надбавку 1% к грузовым ж/д тарифам с 1 марта   2026-02-17  https://wagon-cargo.ru/news/pravitelstvo-vvodit-nadbavku-1-k-gruzo...
245  НХТК организует тестовую отправку контейнерного поезда из 142 усло...   2026-02-17  https://wagon-cargo.ru/news/nkhtk-organizuet-testovuyu-otpravku-ko...
246  Главная транспортная прокуратура Казахстана обсудила проблемные во...   2026-02-17  https://wagon-cargo.ru/news/glavnaya-transportnaya-prokuratura-kaz...
247  Количество нарушений безопасности движения в вагонном комплексе сн...   2026-02-16  https://wagon-cargo.ru/news/kolichestvo-narusheniy-bezopasnosti-dv...
248  Казахстанский железнодорожный оператор КТЖ готовится к IPO на $1 млрд   2026-02-16  https://wagon-cargo.ru/news/kazakhstanskiy-zheleznodorozhnyy-opera...
249  АО «ЗМК» запустил новую производственную линию по выпуску вагонов-...   2026-02-16  https://wagon-cargo.ru/news/ao-zmk-zapustil-novuyu-proizvodstvennu...
250  РЖД предлагают создать программу для внедрения инноваций в грузово...   2026-02-16  https://wagon-cargo.ru/news/rzhd-predlagayut-sozdat-programmu-dlya...
251               Специальные и опасные грузы – в высокоскоростном составе   2026-02-13  https://wagon-cargo.ru/news/spetsialnye-i-opasnye-gruzy-v-vysokosk...
252  В январе к перевозке не предъявили 2,4 млн тонн угля при согласова...   2026-02-13  https://wagon-cargo.ru/news/v-yanvare-k-perevozke-ne-predyavili-2-...
253     «Рузхиммаш» не смог обжаловать завершение банкротства «Мотовилихи»   2026-02-13  https://wagon-cargo.ru/news/ruzkhimmash-ne-smog-obzhalovat-zaversh...
254  На ТВСЗ запущен серийный выпуск полувагона второго поколения иннов...   2026-02-13  https://wagon-cargo.ru/news/na-tvsz-zapushchen-seriynyy-vypusk-pol...
255     Вагоноремонтный завод Орск принял участников отраслевого совещания   2026-02-12  https://wagon-cargo.ru/news/vagonoremontnyy-zavod-orsk-prinyal-uch...
256    «ЛокоТех» расширяет возможности лабораторий неразрушающего контроля   2026-02-12  https://wagon-cargo.ru/news/lokotekh-rasshiryaet-vozmozhnosti-labo...
257  Добавлен протокол Экспертной группы Комиссии вагонного хозяйства о...   2026-02-12  https://wagon-cargo.ru/news/dobavlen-protokol-ekspertnoy-gruppy-ko...
258             Греция планирует возродить производство подвижного состава   2026-02-12  https://wagon-cargo.ru/news/gretsiya-planiruet-vozrodit-proizvodst...
259                                     Экс-главу FESCO задержали в Москве   2026-02-12       https://wagon-cargo.ru/news/eks-glavu-fesco-zaderzhali-v-moskve/
260        РЖД в 2026 году подготовят программы обновления вагонного парка   2026-02-11  https://wagon-cargo.ru/news/rzhd-v-2026-godu-podgotovyat-programmy...
261        В Казахстане решили ограничить использование российских вагонов   2026-02-11  https://wagon-cargo.ru/news/v-kazakhstane-reshili-ogranichit-ispol...
262       Производство подвижного состава в России: официальные итоги-2025   2026-02-11  https://wagon-cargo.ru/news/proizvodstvo-podvizhnogo-sostava-v-ros...
263  Перевозки контейнеров на сети РЖД в январе 2026 года: инфографика,...   2026-02-11  https://wagon-cargo.ru/news/perevozki-konteynerov-na-seti-rzhd-v-y...
264                                                  Цифровые следы грузов   2026-02-11                    https://wagon-cargo.ru/news/tsifrovye-sledy-gruzov/
265        Рынок плановых видов ремонта вагонов упал в январе почти на 40%   2026-02-11  https://wagon-cargo.ru/news/rynok-planovykh-vidov-remonta-vagonov-...
266  В ПривГУПС разработали акустическую систему идентификации колёсных...   2026-02-10  https://wagon-cargo.ru/news/v-privgups-razrabotali-akusticheskuyu-...
267    В январе производство вагонов упало к прошлогоднему уровню на 47,5%   2026-02-10  https://wagon-cargo.ru/news/v-yanvare-proizvodstvo-vagonov-upalo-k...
268  На фоне общего падения объемов вагоностроения упал и выпуск иннова...   2026-02-10  https://wagon-cargo.ru/news/na-fone-obshchego-padeniya-obemov-vago...
269          Контейнерные перевозки по сети РЖД в январе сократились на 7%   2026-02-10  https://wagon-cargo.ru/news/konteynernye-perevozki-po-seti-rzhd-v-...
270  АО «ФГК» организовало сервис по перевозке черных металлов в спецко...   2026-02-10  https://wagon-cargo.ru/news/ao-fgk-organizovalo-servis-po-perevozk...
271  ТРАНСМАШ сертифицировал вагоны-платформы для перевозки крупнотонна...   2026-02-09  https://wagon-cargo.ru/news/transmash-sertifitsiroval-vagony-platf...
272           Сергей Шишкарев намерен выкупить долю УК «Дело» у «Росатома»   2026-02-09  https://wagon-cargo.ru/news/sergey-shishkarev-nameren-vykupit-doly...
273                                  КВСЗ будет выпускать новый цементовоз   2026-02-09     https://wagon-cargo.ru/news/kvsz-budet-vypuskat-novyy-tsementovoz/
274                         В 2025 году произведено 52700 грузовых вагонов   2026-02-09  https://wagon-cargo.ru/news/v-2025-godu-proizvedeno-52700-gruzovyk...
275  «Торговый дом РМ Рейл» обеспечил оборудованием ведущее предприятие...   2026-02-06  https://wagon-cargo.ru/news/torgovyy-dom-rm-reyl-obespechil-oborud...
276  «Уралкриомаш» в 2025г увеличил чистую прибыль в 1,7 раза, выручку ...   2026-02-06  https://wagon-cargo.ru/news/uralkriomash-v-2025g-uvelichil-chistuy...
277  CRRC временно сокращает штат завода в США из-за проблем с импортом...   2026-02-06  https://wagon-cargo.ru/news/crrc-vremenno-sokrashchaet-shtat-zavod...
278            «Депо НТК» сократило число плановых ремонтов вагонов на 28%   2026-02-05  https://wagon-cargo.ru/news/depo-ntk-sokratilo-chislo-planovykh-re...
279                 ЗСК «Кубань» сократил выпуск грузовых вагонов на 29,1%   2026-02-05  https://wagon-cargo.ru/news/zsk-kuban-sokratil-vypusk-gruzovykh-va...
280                          ПГК привлекла почти 44 млрд рублей инвестиций   2026-02-05  https://wagon-cargo.ru/news/pgk-privlekla-pochti-44-mlrd-rubley-in...
281  В конструкции 8-осных полувагонов Урал учтены недостатки аналогичн...   2026-02-05  https://wagon-cargo.ru/news/v-konstruktsii-8-osnykh-poluvagonov-ur...
282  Новости закупок и поставок грузовых вагонов: ГТЛК, Randon, VTG, Ru...   2026-02-05  https://wagon-cargo.ru/news/novosti-zakupok-i-postavok-gruzovykh-v...
283              Ремонт грузовых вагонов: неоптимистичные перспективы-2026   2026-02-04  https://wagon-cargo.ru/news/remont-gruzovykh-vagonov-neoptimistich...
284  Власти Кузбасса: ж/д перевозки по принципу «вези или плати» сделаю...   2026-02-04  https://wagon-cargo.ru/news/vlasti-kuzbassa-zh-d-perevozki-po-prin...
285  Вводится в действие ГОСТ 35269-2025 «Вагоны-термосы. Общие техниче...   2026-02-04  https://wagon-cargo.ru/news/vvoditsya-v-deystvie-gost-35269-2025-v...
286  Минпромторг России прогнозирует выпуск 47,8 тыс. грузовых вагонов ...   2026-02-04  https://wagon-cargo.ru/news/minpromtorg-rossii-prognoziruet-vypusk...
287           Количество списанных в 2025 году вагонов выросло почти вдвое   2026-02-04  https://wagon-cargo.ru/news/kolichestvo-spisannykh-v-2025-godu-vag...
288  Intramotev получила первый экспортный заказ на поставку самоходных...   2026-02-03  https://wagon-cargo.ru/news/intramotev-poluchila-pervyy-eksportnyy...
289  Оптимальный момент для заказа вагонов настал тогда, когда его никт...   2026-02-03  https://wagon-cargo.ru/news/optimalnyy-moment-dlya-zakaza-vagonov-...
290  «СГ-транс» получил диплом премии в области логистики Magistral Awards   2026-02-03  https://wagon-cargo.ru/news/sg-trans-poluchil-diplom-premii-v-obla...
291  ЗСК «Кубань» выпустил более 2 тыс. вагонов за первые три года их п...   2026-02-03  https://wagon-cargo.ru/news/zsk-kuban-vypustil-bolee-2-tys-vagonov...
292  Претензии грузовладельцев к перевозчику: идет обсуждение новых зак...   2026-02-03  https://wagon-cargo.ru/news/pretenzii-gruzovladeltsev-k-perevozchi...
293   Выпуск тепловозов в Казахстане падает при росте производства вагонов   2026-02-03  https://wagon-cargo.ru/news/vypusk-teplovozov-v-kazakhstane-padaet...
294          Росжелдор показал работу цифрового двойника тормозной системы   2026-02-02  https://wagon-cargo.ru/news/roszheldor-pokazal-rabotu-tsifrovogo-d...
295                Рекордный парк грузовых вагонов может парализовать сеть   2026-02-02  https://wagon-cargo.ru/news/rekordnyy-park-gruzovykh-vagonov-mozhe...
296                Погрузка на сети РЖД в январе 2026 года снизилась на 4%   2026-02-02  https://wagon-cargo.ru/news/pogruzka-na-seti-rzhd-v-yanvare-2026-g...
297  «Депо НТК» планирует втрое увеличить количество капитальных ремонт...   2026-02-02  https://wagon-cargo.ru/news/depo-ntk-planiruet-vtroe-uvelichit-kol...
298  Экономический эффект от цифровизации ERG в 2025 году превысил 110 ...   2026-01-30  https://wagon-cargo.ru/news/ekonomicheskiy-effekt-ot-tsifrovizatsi...
299  ОАО «РЖД» объявляет конкурс 2026 года на предоставление грантов мо...   2026-01-30  https://wagon-cargo.ru/news/oao-rzhd-obyavlyaet-konkurs-2026-goda-...
300         RWS Wagon увеличила межремонтные пробеги у полувагонов 12-6773   2026-01-30  https://wagon-cargo.ru/news/rws-wagon-uvelichila-mezhremontnye-pro...
301            «РМ Рейл» сертифицировала вагон-платформу модели 13-1258-04   2026-01-30  https://wagon-cargo.ru/news/rm-reyl-sertifitsirovala-vagon-platfor...
302  «РМ Рейл» готовится к выводу на рынок новой модели фитинговой плат...   2026-01-29  https://wagon-cargo.ru/news/rm-reyl-gotovitsya-k-vyvodu-na-rynok-n...
303                 ГТЛК нарастила лизинг и аренду грузовых вагонов на 42%   2026-01-29  https://wagon-cargo.ru/news/gtlk-narastila-lizing-i-arendu-gruzovy...
304  Погрузка на сети РЖД в 2026 году должна составить 1 млрд 132 млн тонн   2026-01-29  https://wagon-cargo.ru/news/pogruzka-na-seti-rzhd-v-2026-godu-dolz...
305            «СГ-транс» расширил производственные мощности в Нижнекамске   2026-01-29  https://wagon-cargo.ru/news/sg-trans-rasshiril-proizvodstvennye-mo...
306  Вагоны GBXLE оснастят беспроводными шлюзами для мониторинга состоя...   2026-01-29  https://wagon-cargo.ru/news/vagony-gbxle-osnastyat-besprovodnymi-s...
307  В СГУПС разрабатывают автоматизированную систему диагностики профи...   2026-01-28  https://wagon-cargo.ru/news/v-sgups-razrabatyvayut-avtomatizirovan...
308     Подтасовка рейтингов и сокрытие брака при ремонте грузовых вагонов   2026-01-28  https://wagon-cargo.ru/news/podtasovka-reytingov-i-sokrytie-braka-...
309  Железнодорожники перегоняют вагоны на 9000 км ради прибыли, а не э...   2026-01-28  https://wagon-cargo.ru/news/zheleznodorozhniki-peregonyayut-vagony...
310                       Частному игроку интересна покупка 100% акций ФГК   2026-01-28  https://wagon-cargo.ru/news/chastnomu-igroku-interesna-pokupka-100...
311  Первый поезд из 8-осных полувагонов «Урал» отправлен на Дальний Во...   2026-01-27  https://wagon-cargo.ru/news/pervyy-poezd-iz-8-osnykh-poluvagonov-u...
312  Алтайский завод сохранил статус одного из крупнейших производителе...   2026-01-27  https://wagon-cargo.ru/news/altayskiy-zavod-sokhranil-status-odnog...
313                     На рынок кассетных подшипников выходит новый игрок   2026-01-27  https://wagon-cargo.ru/news/na-rynok-kassetnykh-podshipnikov-vykho...
314  Выпуск комплектующих для вагонов сократился на фоне спада вагоност...   2026-01-26  https://wagon-cargo.ru/news/vypusk-komplektuyushchikh-dlya-vagonov...
315  «ОМК Стальной путь» запустила сервис по очистке и освидетельствова...   2026-01-26  https://wagon-cargo.ru/news/omk-stalnoy-put-zapustila-servis-po-oc...
316                        Knorr-Bremse впервые поставит сцепки для Alstom   2026-01-26  https://wagon-cargo.ru/news/knorr-bremse-vpervye-postavit-stsepki-...
317  DB Cargo расширила функционал инспекционного портала для грузовых ...   2026-01-26  https://wagon-cargo.ru/news/db-cargo-rasshirila-funktsional-inspek...
318  Добавлен протокол Экспертной группы Комиссии вагонного хозяйства о...   2026-01-22  https://wagon-cargo.ru/news/dobavlen-protokol-ekspertnoy-gruppy-ko...
319  Две трети из построенных в 2025 году полувагонов – повышенной груз...   2026-01-22  https://wagon-cargo.ru/news/dve-treti-iz-postroennykh-v-2025-godu-...
320  Глава Росжелдора принял участие в заседании коллегии Минтранса по ...   2026-01-22  https://wagon-cargo.ru/news/glava-roszheldora-prinyal-uchastie-v-z...
321  Железнодорожный затор: когда рельсы превратились в гигантскую парк...   2026-01-22  https://wagon-cargo.ru/news/zheleznodorozhnyy-zator-kogda-relsy-pr...
322       VR FleetCare изготовила тележки для перевозки подвижного состава   2026-01-21  https://wagon-cargo.ru/news/vr-fleetcare-izgotovila-telezhki-dlya-...
323  ЗабЖД провела за год более 67 тысяч пар поездов в режиме виртуальн...   2026-01-21  https://wagon-cargo.ru/news/zabzhd-provela-za-god-bolee-67-tysyach...
324      АО «Рузхиммаш» получил сертификат на тележки двухосные 18-1277-01   2026-01-21  https://wagon-cargo.ru/news/ao-ruzkhimmash-poluchil-sertifikat-na-...
325                                               Почему РЖД теряют металл   2026-01-21              https://wagon-cargo.ru/news/pochemu-rzhd-teryayut-metall/
326       На полном «ходу»: отрасль удобрений набрала скорость в 2025 году   2026-01-21  https://wagon-cargo.ru/news/na-polnom-khodu-otrasl-udobreniy-nabra...
327             «НовоТехРейл» представил новую цистерну для нефтепродуктов   2026-01-20  https://wagon-cargo.ru/news/novotekhreyl-predstavil-novuyu-tsister...
328  Обсуждены перспективы и вызовы транспортной отрасли с новым куриру...   2026-01-20  https://wagon-cargo.ru/news/obsuzhdeny-perspektivy-i-vyzovy-transp...
329  FreightCar America укрепляет позиции в комплектующих и обслуживани...   2026-01-20  https://wagon-cargo.ru/news/freightcar-america-ukreplyaet-pozitsii...
330  ООО «КАВАЗ» сертифицировал полувагоны универсальные модели 12-1303-01   2026-01-20  https://wagon-cargo.ru/news/ooo-kavaz-sertifitsiroval-poluvagony-u...
331  Итоги 11 месяцев 2025 года: снижение количества нарушений на желез...   2026-01-20  https://wagon-cargo.ru/news/itogi-11-mesyatsev-2025-goda-snizhenie...
332                 Минтранс ждет от РЖД повышения эффективности без льгот   2026-01-19  https://wagon-cargo.ru/news/mintrans-zhdet-ot-rzhd-povysheniya-eff...
333                              О перемещении порожних вагонов: уроки РЖД   2026-01-19  https://wagon-cargo.ru/news/o-peremeshchenii-porozhnikh-vagonov-ur...
334  ВНИИЖТ на заседании рабочей группы по вопросам использования подши...   2026-01-19  https://wagon-cargo.ru/news/vniizht-na-zasedanii-rabochey-gruppy-p...
335    Сумма сделки по продаже доли РЖД в ФГК может достичь 44 млрд рублей   2026-01-16  https://wagon-cargo.ru/news/summa-sdelki-po-prodazhe-doli-rzhd-v-f...
336  Доля полувагонов в выпуске инновации увеличилась – что еще изменилось   2026-01-16  https://wagon-cargo.ru/news/dolya-poluvagonov-v-vypuske-innovatsii...
337                                    Развитие вагоноремонтного комплекса   2026-01-16      https://wagon-cargo.ru/news/razvitie-vagonoremontnogo-kompleksa_/
338  РЖД, прогнозы аналитиков и реальность бизнеса существуют в разных ...   2026-01-16  https://wagon-cargo.ru/news/rzhd-prognozy-analitikov-i-realnost-bi...
339              Белоруссия приобрела более 3000 грузовых вагонов за 5 лет   2026-01-16  https://wagon-cargo.ru/news/belorussiya-priobrela-bolee-3000-gruzo...
340  В декабре оживилось строительство грузовых вагонов – но оптимизма нет   2026-01-15  https://wagon-cargo.ru/news/v-dekabre-ozhivilos-stroitelstvo-gruzo...
341  Баллы за вагоны: без ЕАЭС, со своим литьем и КБ, бонус за алюминий...   2026-01-15  https://wagon-cargo.ru/news/bally-za-vagony-bez-eaes-so-svoim-lite...
342  Новости железнодорожного машиностроения России: сводка после новог...   2026-01-14  https://wagon-cargo.ru/news/novosti-zheleznodorozhnogo-mashinostro...
343    Приватизация ФГК несёт риски для РЖД и всей железнодорожной отрасли   2026-01-14  https://wagon-cargo.ru/news/privatizatsiya-fgk-nesyet-riski-dlya-r...
344  ЖД-Партнер подготовил резолюцию по итогам XXIII конференции Рынок ...   2026-01-14  https://wagon-cargo.ru/news/zhd-partner-podgotovil-rezolyutsiyu-po...
345                                       Контейнеры как зеркало экономики   2026-01-14          https://wagon-cargo.ru/news/konteynery-kak-zerkalo-ekonomiki/
346  Компании с учредителем из РФ продлят договор по вагонному заводу в...   2026-01-13  https://wagon-cargo.ru/news/kompanii-s-uchreditelem-iz-rf-prodlyat...
347                                              Управление с принуждением   2026-01-13                https://wagon-cargo.ru/news/upravlenie-s-prinuzhdeniem/
348  ООО «Ремтерминал» получила официальный статус резидента ОЭЗ «Новос...   2026-01-13  https://wagon-cargo.ru/news/ooo-remterminal-poluchila-ofitsialnyy-...
349           В декабре 2025 года оборот вагона на РЖД составил 20,9 суток   2026-01-13  https://wagon-cargo.ru/news/v-dekabre-2025-goda-oborot-vagona-na-r...
350  ТЕК-КОМ локализовала производство буксовых кассетных подшипников д...   2026-01-13  https://wagon-cargo.ru/news/tek-kom-lokalizovala-proizvodstvo-buks...
351  Количество плановых видов ремонта вагонов в 2025 году сократилось ...   2026-01-12  https://wagon-cargo.ru/news/kolichestvo-planovykh-vidov-remonta-va...
352  На железных дорогах СНГ ввели обязательную установку новых подшипн...   2026-01-12  https://wagon-cargo.ru/news/na-zheleznykh-dorogakh-sng-vveli-obyaz...
353                 Погрузка на сети РЖД по итогам 2025 года упала на 5,6%   2026-01-12  https://wagon-cargo.ru/news/pogruzka-na-seti-rzhd-po-itogam-2025-g...
354  Минпромторг России уточняет критерии локализации для грузовых вагонов   2026-01-12  https://wagon-cargo.ru/news/minpromtorg-rossii-utochnyaet-kriterii...
355                УВЗ выполнил первый контракт на поставку вагонов «Урал»   2026-01-12  https://wagon-cargo.ru/news/uvz-vypolnil-pervyy-kontrakt-na-postav...
356                                С Наступающим Новым Годом и Рождеством!   2025-12-30  https://wagon-cargo.ru/news/s-nastupayushchim-novym-godom-i-rozhde...
357         Производство подвижного состава в России за январь-ноябрь 2025   2025-12-30  https://wagon-cargo.ru/news/proizvodstvo-podvizhnogo-sostava-v-ros...
358  Gemco Rail запустила свой второй вагоностроительный завод в Австралии   2025-12-30  https://wagon-cargo.ru/news/gemco-rail-zapustila-svoy-vtoroy-vagon...
359  О результатах работ по стандартизации в области железнодорожного т...   2025-12-30  https://wagon-cargo.ru/news/o-rezultatakh-rabot-po-standartizatsii...
360    Как сегодня работают испытательные центры ТМХ: рассказ руководителя   2025-12-29  https://wagon-cargo.ru/news/kak-segodnya-rabotayut-ispytatelnye-ts...
361                В Казахстане освоено производство оси черновой вагонной   2025-12-29  https://wagon-cargo.ru/news/v-kazakhstane-osvoeno-proizvodstvo-osi...
362                                       Быстрые грузы для жизни растений   2025-12-29        https://wagon-cargo.ru/news/bystrye-gruzy-dlya-zhizni-rasteniy/
363  Компания «ОМК Стальной путь» начала ремонтировать шестиосные вагон...   2025-12-26  https://wagon-cargo.ru/news/kompaniya-omk-stalnoy-put-nachala-remo...
364                      Железнодорожный транспорт России: итоги 2025 года   2025-12-26  https://wagon-cargo.ru/news/zheleznodorozhnyy-transport-rossii-ito...
365  НВРК сертифицировала изотермические вагоны-термосы моделей 16-6789...   2025-12-26  https://wagon-cargo.ru/news/nvrk-sertifitsirovala-izotermicheskie-...
366         УКБВ: 90 лет определяя облик грузового вагона на колее 1520 мм   2025-12-26  https://wagon-cargo.ru/news/ukbv-90-let-opredelyaya-oblik-gruzovog...
367  Если нужно закрыть внутренний рынок для Китая, значит Ваша продукц...   2025-12-26  https://wagon-cargo.ru/news/esli-nuzhno-zakryt-vnutrenniy-rynok-dl...
368   Заседание Координационного совета по вагонному комплексу в ОАО «РЖД»   2025-12-25  https://wagon-cargo.ru/news/zasedanie-koordinatsionnogo-soveta-po-...
369  Новости закупок и поставок грузовых вагонов: УВЗ, ГТЛК, WH Davis, ...   2025-12-25  https://wagon-cargo.ru/news/novosti-zakupok-i-postavok-gruzovykh-v...
370  Иран направил $300 млн на стимулирование закупки бизнесом подвижно...   2025-12-25  https://wagon-cargo.ru/news/iran-napravil-300-mln-na-stimulirovani...
371  ОМК Стальной путь будет делиться экспертизой по ремонту подшипнико...   2025-12-25  https://wagon-cargo.ru/news/omk-stalnoy-put-budet-delitsya-ekspert...
372  «РМ Рейл» сертифицировала полувагон для технологической щепы модел...   2025-12-25  https://wagon-cargo.ru/news/rm-reyl-sertifitsirovala-poluvagon-dly...
373                      ЕВРАЗ ЗСМК отгрузил 28 тысяч тонн рельсов для ВСМ   2025-12-24  https://wagon-cargo.ru/news/evraz-zsmk-otgruzil-28-tysyach-tonn-re...
374       Замглавы ОАО РЖД Ирина Магнушевская рассказала о перевозках угля   2025-12-24  https://wagon-cargo.ru/news/zamglavy-oao-rzhd-irina-magnushevskaya...
375     В январе-ноябре погрузка удобрений на сети РЖД увеличилась на 4,5%   2025-12-24  https://wagon-cargo.ru/news/v-yanvare-noyabre-pogruzka-udobreniy-n...
376     Состоялось заседание Комитета ОПЖТ по грузовому подвижному составу   2025-12-23  https://wagon-cargo.ru/news/sostoyalos-zasedanie-komiteta-opzht-po...
377  ФАС одобрила обновленное тарифное руководство по грузоперевозкам ж...   2025-12-23  https://wagon-cargo.ru/news/fas-odobrila-obnovlennoe-tarifnoe-ruko...
378  Идентификация и учет номерных составных частей грузового вагона пр...   2025-12-23  https://wagon-cargo.ru/news/identifikatsiya-i-uchet-nomernykh-sost...
379  «ТрансКонтейнер» в 2025 году почти на две трети нарастил отправку ...   2025-12-23  https://wagon-cargo.ru/news/transkonteyner-v-2025-godu-pochti-na-d...
380  Высокоскоростные транспортные системы одни из основными перспектив...   2025-12-23  https://wagon-cargo.ru/news/vysokoskorostnye-transportnye-sistemy-...
381                      Цистерны АВСЗ сертифицированы к серийному выпуску   2025-12-22  https://wagon-cargo.ru/news/tsisterny-avsz-sertifitsirovany-k-seri...
382  Эксперт назвал оптимальное число грузовых вагонов на ж/д сети в Ро...   2025-12-22  https://wagon-cargo.ru/news/ekspert-nazval-optimalnoe-chislo-gruzo...
383  60-футовая платформа производства «Днепровагонмаша» будет применят...   2025-12-22  https://wagon-cargo.ru/news/60-futovaya-platforma-proizvodstva-dne...
384                        Снижение погрузки РЖД требует системных решений   2025-12-22  https://wagon-cargo.ru/news/snizhenie-pogruzki-rzhd-trebuet-sistem...
385                         В России снизились ставки аренды на полувагоны   2025-12-19  https://wagon-cargo.ru/news/v-rossii-snizilis-stavki-arendy-na-pol...
386  АО «Барнаульский ВРЗ» получил сертификат на вагоны-цистерны модели...   2025-12-19  https://wagon-cargo.ru/news/ao-barnaulskiy-vrz-poluchil-sertifikat...
387  Число грузовых вагонов на железнодорожной сети в России выросло на...   2025-12-19  https://wagon-cargo.ru/news/chislo-gruzovykh-vagonov-na-zheleznodo...
388                            В ноябре оборот вагона составил 20,65 суток   2025-12-19  https://wagon-cargo.ru/news/v-noyabre-oborot-vagona-sostavil-20-65...
389   На Украине снова подтвердили отмену ограничения срока службы вагонов   2025-12-19  https://wagon-cargo.ru/news/na-ukraine-snova-podtverdili-otmenu-og...
390  Новые грузовые вагоны на «Пространстве 1520»: «РМ Рейл», БВРЗ, «Но...   2025-12-19  https://wagon-cargo.ru/news/novye-gruzovye-vagony-na-prostranstve-...
391  ТОО «АВСЗ» сертифицировал вагоны-цистерны для нефтепродуктов модел...   2025-12-18  https://wagon-cargo.ru/news/too-avsz-sertifitsiroval-vagony-tsiste...
392    РЖД продлили действие скидок на грузоперевозки до 2026 и 2028 годов   2025-12-18  https://wagon-cargo.ru/news/rzhd-prodlili-deystvie-skidok-na-gruzo...
393  ТОО «АВСЗ» сертифицировал вагоны-цистерны для сжиженных углеводоро...   2025-12-18  https://wagon-cargo.ru/news/too-avsz-sertifitsiroval-vagony-tsiste...
394  Глава Мордовии Артем Здунов и генеральный директор «РМ Рейл» Макси...   2025-12-18  https://wagon-cargo.ru/news/glava-mordovii-artem-zdunov-i-generaln...
395         Каких грузов на сети станет больше, а какие уйдут с РЖД совсем   2025-12-18  https://wagon-cargo.ru/news/kakikh-gruzov-na-seti-stanet-bolshe-a-...
396    Спор ОВК и СУЭК продолжается: хронология событий и взгляд экспертов   2025-12-17  https://wagon-cargo.ru/news/spor-ovk-i-suek-prodolzhaetsya-khronol...
397                    Пазлы железнодорожной логистики сложили на РТУ-2025   2025-12-17  https://wagon-cargo.ru/news/pazly-zheleznodorozhnoy-logistiki-sloz...
398  В ноябре в восточном направлении по сети РЖД отправлено на экспорт...   2025-12-17  https://wagon-cargo.ru/news/v-noyabre-v-vostochnom-napravlenii-po-...
399  АО «Барнаульский ВРЗ» получил сертификат на вагоны-цистерны модели...   2025-12-16  https://wagon-cargo.ru/news/ao-barnaulskiy-vrz-poluchil-sertifikat...
